<NotepadPlus>
    <Session activeView="0">
        <mainView activeIndex="8">
            <File firstVisibleLine="28" xOffset="100" scrollWidth="2321" startPos="4149" endPos="4282" selMode="0" offset="0" wrapCount="1" lang="JavaScript" encoding="-1" userReadOnly="no" filename="C:\Users\WTRichardson\NotePad++\CertifyDecertScript.js" backupFilePath="C:\Users\WTRichardson\NotePad++\backup\CertifyDecertScript.js@2020-10-16_234204" originalFileLastModifTimestamp="1104480104" originalFileLastModifTimestampHigh="30838413" mapFirstVisibleDisplayLine="-1" mapFirstVisibleDocLine="-1" mapLastVisibleDocLine="-1" mapNbLine="-1" mapHigherPos="-1" mapWidth="-1" mapHeight="-1" mapKByteInDoc="1304881264" mapWrapIndentMode="-1" mapIsWrap="no" />
            <File firstVisibleLine="227" xOffset="0" scrollWidth="4103" startPos="8060" endPos="8193" selMode="0" offset="0" wrapCount="1" lang="JavaScript" encoding="-1" userReadOnly="no" filename="C:\Users\WTRichardson\NotePad++\CertifyInternalProcessJScript.js" backupFilePath="C:\Users\WTRichardson\NotePad++\backup\CertifyInternalProcessJScript.js@2020-10-19_145012" originalFileLastModifTimestamp="-1449240155" originalFileLastModifTimestampHigh="30844041" mapFirstVisibleDisplayLine="-1" mapFirstVisibleDocLine="-1" mapLastVisibleDocLine="-1" mapNbLine="-1" mapHigherPos="-1" mapWidth="-1" mapHeight="-1" mapKByteInDoc="0" mapWrapIndentMode="-1" mapIsWrap="no" />
            <File firstVisibleLine="38" xOffset="0" scrollWidth="3509" startPos="2290" endPos="2300" selMode="0" offset="0" wrapCount="1" lang="JavaScript" encoding="-1" userReadOnly="no" filename="C:\Users\WTRichardson\NotePad++\UIChanges.js" backupFilePath="" originalFileLastModifTimestamp="906078029" originalFileLastModifTimestampHigh="30836436" mapFirstVisibleDisplayLine="-1" mapFirstVisibleDocLine="-1" mapLastVisibleDocLine="-1" mapNbLine="-1" mapHigherPos="-1" mapWidth="-1" mapHeight="-1" mapKByteInDoc="1305176432" mapWrapIndentMode="-1" mapIsWrap="no" />
            <File firstVisibleLine="1482" xOffset="0" scrollWidth="10923" startPos="85664" endPos="85734" selMode="0" offset="0" wrapCount="1" lang="HTML" encoding="-1" userReadOnly="no" filename="C:\Users\WTRichardson\NotePad++\Analyst View.html" backupFilePath="C:\Users\WTRichardson\NotePad++\backup\Analyst View.html@2020-10-21_131510" originalFileLastModifTimestamp="-1725113916" originalFileLastModifTimestampHigh="30840438" mapFirstVisibleDisplayLine="-1" mapFirstVisibleDocLine="-1" mapLastVisibleDocLine="-1" mapNbLine="-1" mapHigherPos="-1" mapWidth="-1" mapHeight="-1" mapKByteInDoc="0" mapWrapIndentMode="-1" mapIsWrap="no" />
            <File firstVisibleLine="49" xOffset="0" scrollWidth="1496" startPos="5041" endPos="4971" selMode="0" offset="0" wrapCount="1" lang="Normal Text" encoding="-1" userReadOnly="no" filename="new 1" backupFilePath="C:\Users\WTRichardson\NotePad++\backup\new 1@2020-09-28_110350" originalFileLastModifTimestamp="0" originalFileLastModifTimestampHigh="0" mapFirstVisibleDisplayLine="-1" mapFirstVisibleDocLine="-1" mapLastVisibleDocLine="-1" mapNbLine="-1" mapHigherPos="-1" mapWidth="-1" mapHeight="-1" mapKByteInDoc="538976288" mapWrapIndentMode="-1" mapIsWrap="no" />
            <File firstVisibleLine="0" xOffset="0" scrollWidth="3586" startPos="8703" endPos="0" selMode="0" offset="0" wrapCount="1" lang="JavaScript" encoding="-1" userReadOnly="no" filename="C:\Users\WTRichardson\NotePad++\Process Review Parameters.js" backupFilePath="" originalFileLastModifTimestamp="2142943646" originalFileLastModifTimestampHigh="30840459" mapFirstVisibleDisplayLine="-1" mapFirstVisibleDocLine="-1" mapLastVisibleDocLine="-1" mapNbLine="-1" mapHigherPos="-1" mapWidth="-1" mapHeight="-1" mapKByteInDoc="1147781120" mapWrapIndentMode="-1" mapIsWrap="no" />
            <File firstVisibleLine="16" xOffset="0" scrollWidth="3157" startPos="22726" endPos="0" selMode="0" offset="0" wrapCount="1" lang="HTML" encoding="-1" userReadOnly="no" filename="C:\Users\WTRichardson\NotePad++\AnnualUpdateQuestions.html" backupFilePath="" originalFileLastModifTimestamp="-1010324229" originalFileLastModifTimestampHigh="30838253" mapFirstVisibleDisplayLine="-1" mapFirstVisibleDocLine="-1" mapLastVisibleDocLine="-1" mapNbLine="-1" mapHigherPos="-1" mapWidth="-1" mapHeight="-1" mapKByteInDoc="7536745" mapWrapIndentMode="-1" mapIsWrap="no" />
            <File firstVisibleLine="132" xOffset="0" scrollWidth="4136" startPos="9393" endPos="9393" selMode="0" offset="0" wrapCount="1" lang="HTML" encoding="-1" userReadOnly="no" filename="C:\Users\WTRichardson\NotePad++\AnnualUpdateQuestions_2.html" backupFilePath="C:\Users\WTRichardson\NotePad++\backup\AnnualUpdateQuestions_2.html@2020-10-09_101942" originalFileLastModifTimestamp="-834543193" originalFileLastModifTimestampHigh="30842437" mapFirstVisibleDisplayLine="-1" mapFirstVisibleDocLine="-1" mapLastVisibleDocLine="-1" mapNbLine="-1" mapHigherPos="-1" mapWidth="-1" mapHeight="-1" mapKByteInDoc="1149321216" mapWrapIndentMode="-1" mapIsWrap="no" />
            <File firstVisibleLine="141" xOffset="0" scrollWidth="1782" startPos="4922" endPos="4922" selMode="0" offset="0" wrapCount="1" lang="JavaScript" encoding="-1" userReadOnly="no" filename="C:\Users\WTRichardson\NotePad++\ReviewLibrary.js" backupFilePath="C:\Users\WTRichardson\NotePad++\backup\ReviewLibrary.js@2020-10-21_155145" originalFileLastModifTimestamp="-1424576811" originalFileLastModifTimestampHigh="30842440" mapFirstVisibleDisplayLine="-1" mapFirstVisibleDocLine="-1" mapLastVisibleDocLine="-1" mapNbLine="-1" mapHigherPos="-1" mapWidth="-1" mapHeight="-1" mapKByteInDoc="1148862464" mapWrapIndentMode="-1" mapIsWrap="no" />
            <File firstVisibleLine="0" xOffset="232" scrollWidth="3104" startPos="282" endPos="282" selMode="0" offset="0" wrapCount="1" lang="Normal Text" encoding="-1" userReadOnly="no" filename="new 2" backupFilePath="C:\Users\WTRichardson\NotePad++\backup\new 2@2020-10-09_105155" originalFileLastModifTimestamp="0" originalFileLastModifTimestampHigh="0" mapFirstVisibleDisplayLine="-1" mapFirstVisibleDocLine="-1" mapLastVisibleDocLine="-1" mapNbLine="-1" mapHigherPos="-1" mapWidth="-1" mapHeight="-1" mapKByteInDoc="0" mapWrapIndentMode="-1" mapIsWrap="no" />
            <File firstVisibleLine="183" xOffset="0" scrollWidth="4103" startPos="79235" endPos="0" selMode="0" offset="0" wrapCount="1" lang="JavaScript" encoding="-1" userReadOnly="no" filename="new 3" backupFilePath="C:\Users\WTRichardson\NotePad++\backup\new 3@2020-10-19_145623" originalFileLastModifTimestamp="0" originalFileLastModifTimestampHigh="0" mapFirstVisibleDisplayLine="-1" mapFirstVisibleDocLine="-1" mapLastVisibleDocLine="-1" mapNbLine="-1" mapHigherPos="-1" mapWidth="-1" mapHeight="-1" mapKByteInDoc="7471209" mapWrapIndentMode="-1" mapIsWrap="no" />
            <File firstVisibleLine="0" xOffset="0" scrollWidth="1023" startPos="428" endPos="432" selMode="0" offset="0" wrapCount="1" lang="Normal Text" encoding="-1" userReadOnly="no" filename="new 4" backupFilePath="C:\Users\WTRichardson\NotePad++\backup\new 4@2020-10-20_124012" originalFileLastModifTimestamp="0" originalFileLastModifTimestampHigh="0" mapFirstVisibleDisplayLine="-1" mapFirstVisibleDocLine="-1" mapLastVisibleDocLine="-1" mapNbLine="-1" mapHigherPos="-1" mapWidth="-1" mapHeight="-1" mapKByteInDoc="7471136" mapWrapIndentMode="-1" mapIsWrap="no" />
            <File firstVisibleLine="49" xOffset="0" scrollWidth="1342" startPos="5146" endPos="5216" selMode="0" offset="0" wrapCount="1" lang="Normal Text" encoding="-1" userReadOnly="no" filename="new 5" backupFilePath="C:\Users\WTRichardson\NotePad++\backup\new 5@2020-10-21_131215" originalFileLastModifTimestamp="0" originalFileLastModifTimestampHigh="0" mapFirstVisibleDisplayLine="-1" mapFirstVisibleDocLine="-1" mapLastVisibleDocLine="-1" mapNbLine="-1" mapHigherPos="-1" mapWidth="-1" mapHeight="-1" mapKByteInDoc="1147240448" mapWrapIndentMode="-1" mapIsWrap="no" />
            <File firstVisibleLine="1527" xOffset="0" scrollWidth="1562" startPos="142149" endPos="0" selMode="0" offset="0" wrapCount="1" lang="HTML" encoding="-1" userReadOnly="no" filename="new 6" backupFilePath="C:\Users\WTRichardson\NotePad++\backup\new 6@2020-10-21_131950" originalFileLastModifTimestamp="0" originalFileLastModifTimestampHigh="0" mapFirstVisibleDisplayLine="-1" mapFirstVisibleDocLine="-1" mapLastVisibleDocLine="-1" mapNbLine="-1" mapHigherPos="-1" mapWidth="-1" mapHeight="-1" mapKByteInDoc="1147240448" mapWrapIndentMode="-1" mapIsWrap="no" />
        </mainView>
        <subView activeIndex="0" />
    </Session>
</NotepadPlus>
