<ImportExportXml version="9.1.0.19867" SolutionPackageVersion="9.1" languagecode="1033" generatedBy="CrmLive" xmlns:xsi="http://www.w3.org/2001/XMLSchema-instance">
  <SolutionManifest>
    <UniqueName>Certify_Patch_1aa6b7cd</UniqueName>
    <LocalizedNames>
      <LocalizedName description="User Story 14743 BR" languagecode="1033" />
    </LocalizedNames>
    <Descriptions>
      <Description description="Patch for Certify" languagecode="1033" />
    </Descriptions>
    <ParentUniqueName>Certify</ParentUniqueName>
    <Version>1.7.20.1</Version>
    <Managed>0</Managed>
    <Publisher>
      <UniqueName>sbagcbd</UniqueName>
      <LocalizedNames>
        <LocalizedName description="SBA GCBD" languagecode="1033" />
      </LocalizedNames>
      <Descriptions />
      <EMailAddress>Stephen.Perry@sba.gov</EMailAddress>
      <SupportingWebsiteUrl xsi:nil="true"></SupportingWebsiteUrl>
      <CustomizationPrefix>sbagcbd</CustomizationPrefix>
      <CustomizationOptionValuePrefix>51722</CustomizationOptionValuePrefix>
      <Addresses>
        <Address>
          <AddressNumber>1</AddressNumber>
          <AddressTypeCode>1</AddressTypeCode>
          <City xsi:nil="true"></City>
          <County xsi:nil="true"></County>
          <Country xsi:nil="true"></Country>
          <Fax xsi:nil="true"></Fax>
          <FreightTermsCode xsi:nil="true"></FreightTermsCode>
          <ImportSequenceNumber xsi:nil="true"></ImportSequenceNumber>
          <Latitude xsi:nil="true"></Latitude>
          <Line1 xsi:nil="true"></Line1>
          <Line2 xsi:nil="true"></Line2>
          <Line3 xsi:nil="true"></Line3>
          <Longitude xsi:nil="true"></Longitude>
          <Name xsi:nil="true"></Name>
          <PostalCode xsi:nil="true"></PostalCode>
          <PostOfficeBox xsi:nil="true"></PostOfficeBox>
          <PrimaryContactName xsi:nil="true"></PrimaryContactName>
          <ShippingMethodCode>1</ShippingMethodCode>
          <StateOrProvince xsi:nil="true"></StateOrProvince>
          <Telephone1 xsi:nil="true"></Telephone1>
          <Telephone2 xsi:nil="true"></Telephone2>
          <Telephone3 xsi:nil="true"></Telephone3>
          <TimeZoneRuleVersionNumber xsi:nil="true"></TimeZoneRuleVersionNumber>
          <UPSZone xsi:nil="true"></UPSZone>
          <UTCOffset xsi:nil="true"></UTCOffset>
          <UTCConversionTimeZoneCode xsi:nil="true"></UTCConversionTimeZoneCode>
        </Address>
        <Address>
          <AddressNumber>2</AddressNumber>
          <AddressTypeCode>1</AddressTypeCode>
          <City xsi:nil="true"></City>
          <County xsi:nil="true"></County>
          <Country xsi:nil="true"></Country>
          <Fax xsi:nil="true"></Fax>
          <FreightTermsCode xsi:nil="true"></FreightTermsCode>
          <ImportSequenceNumber xsi:nil="true"></ImportSequenceNumber>
          <Latitude xsi:nil="true"></Latitude>
          <Line1 xsi:nil="true"></Line1>
          <Line2 xsi:nil="true"></Line2>
          <Line3 xsi:nil="true"></Line3>
          <Longitude xsi:nil="true"></Longitude>
          <Name xsi:nil="true"></Name>
          <PostalCode xsi:nil="true"></PostalCode>
          <PostOfficeBox xsi:nil="true"></PostOfficeBox>
          <PrimaryContactName xsi:nil="true"></PrimaryContactName>
          <ShippingMethodCode>1</ShippingMethodCode>
          <StateOrProvince xsi:nil="true"></StateOrProvince>
          <Telephone1 xsi:nil="true"></Telephone1>
          <Telephone2 xsi:nil="true"></Telephone2>
          <Telephone3 xsi:nil="true"></Telephone3>
          <TimeZoneRuleVersionNumber xsi:nil="true"></TimeZoneRuleVersionNumber>
          <UPSZone xsi:nil="true"></UPSZone>
          <UTCOffset xsi:nil="true"></UTCOffset>
          <UTCConversionTimeZoneCode xsi:nil="true"></UTCConversionTimeZoneCode>
        </Address>
      </Addresses>
    </Publisher>
    <RootComponents>
      <RootComponent type="1" schemaName="account" behavior="1" />
      <RootComponent type="60" id="{830a1a1a-bb63-ea11-a9a6-001dd8308076}" />
    </RootComponents>
    <MissingDependencies>
      <MissingDependency>
        <Required key="0" type="2" schemaName="sbagcbd_primarynaicscode" displayName="Primary NAICS Code" parentSchemaName="account" parentDisplayName="Account" solution="Active" />
        <Dependent key="1" type="60" displayName="Certify MDA - Account" parentDisplayName="Account" id="{830a1a1a-bb63-ea11-a9a6-001dd8308076}" />
      </MissingDependency>
      <MissingDependency>
        <Required key="2" type="2" schemaName="sbagcbd_confirmedbusinesstype" displayName="Confirmed Business Type" parentSchemaName="account" parentDisplayName="Account" solution="Active" />
        <Dependent key="1" type="60" displayName="Certify MDA - Account" parentDisplayName="Account" id="{830a1a1a-bb63-ea11-a9a6-001dd8308076}" />
      </MissingDependency>
      <MissingDependency>
        <Required key="3" type="2" schemaName="sbagcbd_accountduns" displayName="DUNS" parentSchemaName="account" parentDisplayName="Account" solution="Active" />
        <Dependent key="1" type="60" displayName="Certify MDA - Account" parentDisplayName="Account" id="{830a1a1a-bb63-ea11-a9a6-001dd8308076}" />
      </MissingDependency>
      <MissingDependency>
        <Required key="4" type="2" schemaName="sbagcbd_businesstype" displayName="SBA Business Type" parentSchemaName="account" parentDisplayName="Account" solution="Active" />
        <Dependent key="1" type="60" displayName="Certify MDA - Account" parentDisplayName="Account" id="{830a1a1a-bb63-ea11-a9a6-001dd8308076}" />
      </MissingDependency>
      <MissingDependency>
        <Required key="5" type="2" schemaName="sbagcbd_accountnamedba" displayName="Account Name DBA" parentSchemaName="account" parentDisplayName="Account" solution="Active" />
        <Dependent key="1" type="60" displayName="Certify MDA - Account" parentDisplayName="Account" id="{830a1a1a-bb63-ea11-a9a6-001dd8308076}" />
      </MissingDependency>
      <MissingDependency>
        <Required key="6" type="2" schemaName="originatingleadid" displayName="Originating Lead" parentSchemaName="account" parentDisplayName="Account" solution="msdynce_LeadManagement (9.0.4.0066)" />
        <Dependent key="1" type="60" displayName="Certify MDA - Account" parentDisplayName="Account" id="{830a1a1a-bb63-ea11-a9a6-001dd8308076}" />
      </MissingDependency>
      <MissingDependency>
        <Required key="7" type="10" schemaName="sbagcbd_sbagcbd_naics_size_standards_account_primarynaicscode" displayName="sbagcbd_sbagcbd_naics_size_standards_account_primarynaicscode" parentSchemaName="sbagcbd_naics_size_standards" parentDisplayName="NAICS_Size_Standards" solution="Active" />
        <Dependent key="1" type="60" displayName="Certify MDA - Account" parentDisplayName="Account" id="{830a1a1a-bb63-ea11-a9a6-001dd8308076}" />
      </MissingDependency>
      <MissingDependency>
        <Required key="8" type="26" schemaName="NAICS_Size_Standards Lookup View" displayName="NAICS_Size_Standards Lookup View" parentSchemaName="sbagcbd_naics_size_standards" parentDisplayName="NAICS_Size_Standards" solution="Active" id="{41072e87-b8af-4480-be8f-c97ad44bb388}" />
        <Dependent key="1" type="60" displayName="Certify MDA - Account" parentDisplayName="Account" id="{830a1a1a-bb63-ea11-a9a6-001dd8308076}" />
      </MissingDependency>
      <MissingDependency>
        <Required key="9" type="26" schemaName="CERTIFY - Active NAICS_Size_Standards" displayName="CERTIFY - Active NAICS_Size_Standards" parentSchemaName="sbagcbd_naics_size_standards" parentDisplayName="NAICS_Size_Standards" solution="Active" id="{738f1fd9-539f-ea11-a811-001dd8309c75}" />
        <Dependent key="1" type="60" displayName="Certify MDA - Account" parentDisplayName="Account" id="{830a1a1a-bb63-ea11-a9a6-001dd8308076}" />
      </MissingDependency>
      <MissingDependency>
        <Required key="10" type="60" displayName="account contact card" parentDisplayName="Contact" solution="msdynce_AppCommon (9.0.4.0066)" id="{29de27bc-a257-4f29-99cf-bab4a84e688f}" />
        <Dependent key="1" type="60" displayName="Certify MDA - Account" parentDisplayName="Account" id="{830a1a1a-bb63-ea11-a9a6-001dd8308076}" />
      </MissingDependency>
      <MissingDependency>
        <Required key="11" type="66" schemaName="MscrmControls.CardFeedContainer.CardFeedContainer" displayName="MscrmControls.CardFeedContainer.CardFeedContainer" solution="CustomControlsCore (9.1.0000.19867)" />
        <Dependent key="1" type="60" displayName="Certify MDA - Account" parentDisplayName="Account" id="{830a1a1a-bb63-ea11-a9a6-001dd8308076}" />
      </MissingDependency>
    </MissingDependencies>
  </SolutionManifest>
</ImportExportXml>