<ImportExportXml xmlns:xsi="http://www.w3.org/2001/XMLSchema-instance">
  <Entities>
    <Entity>
      <Name LocalizedName="Review" OriginalName="Review">sbagcbd_review</Name>
      <EntityInfo>
        <entity Name="sbagcbd_review">
          <LocalizedNames>
            <LocalizedName description="Review" languagecode="1033" />
          </LocalizedNames>
          <LocalizedCollectionNames>
            <LocalizedCollectionName description="Reviews" languagecode="1033" />
          </LocalizedCollectionNames>
          <Descriptions>
            <Description description="" languagecode="1033" />
          </Descriptions>
          <attributes>
            <attribute PhysicalName="sbagcbd_OGCReferral">
              <Type>bit</Type>
              <Name>sbagcbd_ogcreferral</Name>
              <LogicalName>sbagcbd_ogcreferral</LogicalName>
              <RequiredLevel>none</RequiredLevel>
              <DisplayMask>ValidForAdvancedFind|ValidForForm|ValidForGrid</DisplayMask>
              <ImeMode>auto</ImeMode>
              <ValidForUpdateApi>1</ValidForUpdateApi>
              <ValidForReadApi>1</ValidForReadApi>
              <ValidForCreateApi>1</ValidForCreateApi>
              <IsCustomField>1</IsCustomField>
              <IsAuditEnabled>1</IsAuditEnabled>
              <IsSecured>0</IsSecured>
              <IntroducedVersion>1.7.11.2</IntroducedVersion>
              <IsCustomizable>1</IsCustomizable>
              <IsRenameable>1</IsRenameable>
              <CanModifySearchSettings>1</CanModifySearchSettings>
              <CanModifyRequirementLevelSettings>1</CanModifyRequirementLevelSettings>
              <CanModifyAdditionalSettings>1</CanModifyAdditionalSettings>
              <SourceType>0</SourceType>
              <IsGlobalFilterEnabled>0</IsGlobalFilterEnabled>
              <IsSortableEnabled>0</IsSortableEnabled>
              <CanModifyGlobalFilterSettings>1</CanModifyGlobalFilterSettings>
              <CanModifyIsSortableSettings>1</CanModifyIsSortableSettings>
              <IsDataSourceSecret>0</IsDataSourceSecret>
              <AutoNumberFormat></AutoNumberFormat>
              <IsSearchable>0</IsSearchable>
              <IsFilterable>0</IsFilterable>
              <IsRetrievable>0</IsRetrievable>
              <IsLocalizable>0</IsLocalizable>
              <AppDefaultValue>0</AppDefaultValue>
              <optionset Name="sbagcbd_ogcreferral">
                <OptionSetType>bit</OptionSetType>
                <IntroducedVersion>1.7.11.2</IntroducedVersion>
                <IsCustomizable>1</IsCustomizable>
                <displaynames>
                  <displayname description="OGC Referral" languagecode="1033" />
                </displaynames>
                <Descriptions>
                  <Description description="" languagecode="1033" />
                </Descriptions>
                <options>
                  <option value="1">
                    <labels>
                      <label description="Yes" languagecode="1033" />
                    </labels>
                  </option>
                  <option value="0">
                    <labels>
                      <label description="No" languagecode="1033" />
                    </labels>
                  </option>
                </options>
              </optionset>
              <displaynames>
                <displayname description="OGC Referral" languagecode="1033" />
              </displaynames>
              <Descriptions>
                <Description description="" languagecode="1033" />
              </Descriptions>
            </attribute>
            <attribute PhysicalName="sbagcbd_ReviewStatus">
              <Type>picklist</Type>
              <Name>sbagcbd_reviewstatus</Name>
              <LogicalName>sbagcbd_reviewstatus</LogicalName>
              <RequiredLevel>none</RequiredLevel>
              <DisplayMask>ValidForAdvancedFind|ValidForForm|ValidForGrid</DisplayMask>
              <ImeMode>auto</ImeMode>
              <ValidForUpdateApi>1</ValidForUpdateApi>
              <ValidForReadApi>1</ValidForReadApi>
              <ValidForCreateApi>1</ValidForCreateApi>
              <IsCustomField>1</IsCustomField>
              <IsAuditEnabled>1</IsAuditEnabled>
              <IsSecured>0</IsSecured>
              <IntroducedVersion>1.0.0.0</IntroducedVersion>
              <IsCustomizable>1</IsCustomizable>
              <IsRenameable>1</IsRenameable>
              <CanModifySearchSettings>1</CanModifySearchSettings>
              <CanModifyRequirementLevelSettings>1</CanModifyRequirementLevelSettings>
              <CanModifyAdditionalSettings>1</CanModifyAdditionalSettings>
              <SourceType>0</SourceType>
              <IsGlobalFilterEnabled>0</IsGlobalFilterEnabled>
              <IsSortableEnabled>0</IsSortableEnabled>
              <CanModifyGlobalFilterSettings>1</CanModifyGlobalFilterSettings>
              <CanModifyIsSortableSettings>1</CanModifyIsSortableSettings>
              <IsDataSourceSecret>0</IsDataSourceSecret>
              <AutoNumberFormat></AutoNumberFormat>
              <IsSearchable>0</IsSearchable>
              <IsFilterable>0</IsFilterable>
              <IsRetrievable>1</IsRetrievable>
              <IsLocalizable>0</IsLocalizable>
              <AppDefaultValue>517220000</AppDefaultValue>
              <OptionSetName>sbagcbd_reviewstatus</OptionSetName>
              <displaynames>
                <displayname description="Analyst Review" languagecode="1033" />
              </displaynames>
              <Descriptions>
                <Description description="" languagecode="1033" />
              </Descriptions>
            </attribute>
            <attribute PhysicalName="sbagcbd_SizeStandardsReferral">
              <Type>bit</Type>
              <Name>sbagcbd_sizestandardsreferral</Name>
              <LogicalName>sbagcbd_sizestandardsreferral</LogicalName>
              <RequiredLevel>none</RequiredLevel>
              <DisplayMask>ValidForAdvancedFind|ValidForForm|ValidForGrid</DisplayMask>
              <ImeMode>auto</ImeMode>
              <ValidForUpdateApi>1</ValidForUpdateApi>
              <ValidForReadApi>1</ValidForReadApi>
              <ValidForCreateApi>1</ValidForCreateApi>
              <IsCustomField>1</IsCustomField>
              <IsAuditEnabled>1</IsAuditEnabled>
              <IsSecured>0</IsSecured>
              <IntroducedVersion>1.7.11.2</IntroducedVersion>
              <IsCustomizable>1</IsCustomizable>
              <IsRenameable>1</IsRenameable>
              <CanModifySearchSettings>1</CanModifySearchSettings>
              <CanModifyRequirementLevelSettings>1</CanModifyRequirementLevelSettings>
              <CanModifyAdditionalSettings>1</CanModifyAdditionalSettings>
              <SourceType>0</SourceType>
              <IsGlobalFilterEnabled>0</IsGlobalFilterEnabled>
              <IsSortableEnabled>0</IsSortableEnabled>
              <CanModifyGlobalFilterSettings>1</CanModifyGlobalFilterSettings>
              <CanModifyIsSortableSettings>1</CanModifyIsSortableSettings>
              <IsDataSourceSecret>0</IsDataSourceSecret>
              <AutoNumberFormat></AutoNumberFormat>
              <IsSearchable>0</IsSearchable>
              <IsFilterable>0</IsFilterable>
              <IsRetrievable>0</IsRetrievable>
              <IsLocalizable>0</IsLocalizable>
              <AppDefaultValue>0</AppDefaultValue>
              <optionset Name="sbagcbd_sizestandardsreferral">
                <OptionSetType>bit</OptionSetType>
                <IntroducedVersion>1.7.11.2</IntroducedVersion>
                <IsCustomizable>1</IsCustomizable>
                <displaynames>
                  <displayname description="Size Standards Referral" languagecode="1033" />
                </displaynames>
                <Descriptions>
                  <Description description="" languagecode="1033" />
                </Descriptions>
                <options>
                  <option value="1">
                    <labels>
                      <label description="Yes" languagecode="1033" />
                    </labels>
                  </option>
                  <option value="0">
                    <labels>
                      <label description="No" languagecode="1033" />
                    </labels>
                  </option>
                </options>
              </optionset>
              <displaynames>
                <displayname description="Size Standards Referral" languagecode="1033" />
              </displaynames>
              <Descriptions>
                <Description description="" languagecode="1033" />
              </Descriptions>
            </attribute>
          </attributes>
          <EntitySetName>sbagcbd_reviews</EntitySetName>
          <IsDuplicateCheckSupported>0</IsDuplicateCheckSupported>
          <IsBusinessProcessEnabled>0</IsBusinessProcessEnabled>
          <IsRequiredOffline>0</IsRequiredOffline>
          <IsInteractionCentricEnabled>0</IsInteractionCentricEnabled>
          <IsCollaboration>1</IsCollaboration>
          <AutoRouteToOwnerQueue>0</AutoRouteToOwnerQueue>
          <IsConnectionsEnabled>1</IsConnectionsEnabled>
          <EntityColor></EntityColor>
          <IsDocumentManagementEnabled>1</IsDocumentManagementEnabled>
          <IsOneNoteIntegrationEnabled>0</IsOneNoteIntegrationEnabled>
          <IsKnowledgeManagementEnabled>0</IsKnowledgeManagementEnabled>
          <IsSLAEnabled>0</IsSLAEnabled>
          <IsDocumentRecommendationsEnabled>0</IsDocumentRecommendationsEnabled>
          <IsBPFEntity>0</IsBPFEntity>
          <OwnershipTypeMask>UserOwned</OwnershipTypeMask>
          <IsAuditEnabled>0</IsAuditEnabled>
          <IsRetrieveAuditEnabled>0</IsRetrieveAuditEnabled>
          <IsRetrieveMultipleAuditEnabled>0</IsRetrieveMultipleAuditEnabled>
          <IsActivity>1</IsActivity>
          <ActivityTypeMask>CommunicationActivity</ActivityTypeMask>
          <IsActivityParty>0</IsActivityParty>
          <IsReplicated>1</IsReplicated>
          <IsReplicationUserFiltered>1</IsReplicationUserFiltered>
          <IsMailMergeEnabled>0</IsMailMergeEnabled>
          <IsVisibleInMobile>0</IsVisibleInMobile>
          <IsVisibleInMobileClient>0</IsVisibleInMobileClient>
          <IsReadOnlyInMobileClient>0</IsReadOnlyInMobileClient>
          <IsOfflineInMobileClient>0</IsOfflineInMobileClient>
          <DaysSinceRecordLastModified>0</DaysSinceRecordLastModified>
          <MobileOfflineFilters></MobileOfflineFilters>
          <IsMapiGridEnabled>1</IsMapiGridEnabled>
          <IsReadingPaneEnabled>1</IsReadingPaneEnabled>
          <IsQuickCreateEnabled>1</IsQuickCreateEnabled>
          <SyncToExternalSearchIndex>0</SyncToExternalSearchIndex>
          <IntroducedVersion>5.0.0.0</IntroducedVersion>
          <IsCustomizable>1</IsCustomizable>
          <IsRenameable>1</IsRenameable>
          <IsMappable>1</IsMappable>
          <CanModifyAuditSettings>1</CanModifyAuditSettings>
          <CanModifyMobileVisibility>1</CanModifyMobileVisibility>
          <CanModifyMobileClientVisibility>1</CanModifyMobileClientVisibility>
          <CanModifyMobileClientReadOnly>1</CanModifyMobileClientReadOnly>
          <CanModifyMobileClientOffline>1</CanModifyMobileClientOffline>
          <CanModifyConnectionSettings>1</CanModifyConnectionSettings>
          <CanModifyDuplicateDetectionSettings>1</CanModifyDuplicateDetectionSettings>
          <CanModifyMailMergeSettings>1</CanModifyMailMergeSettings>
          <CanModifyQueueSettings>1</CanModifyQueueSettings>
          <CanCreateAttributes>1</CanCreateAttributes>
          <CanCreateForms>1</CanCreateForms>
          <CanCreateCharts>1</CanCreateCharts>
          <CanCreateViews>1</CanCreateViews>
          <CanModifyAdditionalSettings>1</CanModifyAdditionalSettings>
          <CanEnableSyncToExternalSearchIndex>1</CanEnableSyncToExternalSearchIndex>
          <IconMediumName></IconMediumName>
          <IconSmallName></IconSmallName>
          <EnforceStateTransitions>0</EnforceStateTransitions>
          <CanChangeHierarchicalRelationship>1</CanChangeHierarchicalRelationship>
          <EntityHelpUrlEnabled>0</EntityHelpUrlEnabled>
          <EntityHelpUrl></EntityHelpUrl>
          <ChangeTrackingEnabled>0</ChangeTrackingEnabled>
          <CanChangeTrackingBeEnabled>1</CanChangeTrackingBeEnabled>
          <IsEnabledForExternalChannels>0</IsEnabledForExternalChannels>
          <IsSolutionAware>0</IsSolutionAware>
          <HasRelatedNotes>True</HasRelatedNotes>
          <HasRelatedFeedback>True</HasRelatedFeedback>
        </entity>
      </EntityInfo>
      <FormXml>
        <forms type="main">
          <systemform>
            <formid>{7f00206f-2638-4c8a-b7a2-aad9dbdcce77}</formid>
            <IntroducedVersion>1.0.0.0</IntroducedVersion>
            <FormPresentation>1</FormPresentation>
            <FormActivationState>1</FormActivationState>
            <form headerdensity="HighWithControls" shownavigationbar="true" showImage="false" maxWidth="1920">
              <tabs>
                <tab verticallayout="true" id="{33f22146-76c1-4afd-92b4-f7ae16008b2e}" IsUserDefined="1" name="General" locklevel="0" expanded="true" showlabel="true">
                  <labels>
                    <label description="General" languagecode="1033" />
                  </labels>
                  <columns>
                    <column width="100%">
                      <sections>
                        <section showlabel="false" showbar="false" IsUserDefined="0" id="{63751f7b-7e98-4ac0-8a70-2401d01392a0}" name="{63751f7b-7e98-4ac0-8a70-2401d01392a0}" columns="11" locklevel="0" labelwidth="130" celllabelalignment="Left" celllabelposition="Left">
                          <labels>
                            <label description="General" languagecode="1033" />
                          </labels>
                          <rows>
                            <row>
                              <cell id="{22c5ae99-5787-7171-8e1e-3597cce149d8}" showlabel="true" locklevel="0">
                                <labels>
                                  <label description="Card" languagecode="1033" />
                                </labels>
                                <control id="sbagcbd_card" classid="{270BD3DB-D9AF-4782-9025-509E298DEC0A}" datafieldname="sbagcbd_card" disabled="true" uniqueid="{0dbb585e-924d-57ca-76ea-07ac2c47b07e}">
                                  <parameters>
                                    <AutoResolve>true</AutoResolve>
                                    <DisableMru>true</DisableMru>
                                    <DisableQuickFind>true</DisableQuickFind>
                                    <DisableViewPicker>false</DisableViewPicker>
                                    <DefaultViewId>{1B36BA94-87FB-4A34-BDFB-C2C296BD967E}</DefaultViewId>
                                    <AllowFilterOff>false</AllowFilterOff>
                                    <AvailableViewIds>{1B36BA94-87FB-4A34-BDFB-C2C296BD967E}</AvailableViewIds>
                                    <FilterRelationshipName>sbagcbd_CaseCardIncident_rel</FilterRelationshipName>
                                    <DependentAttributeName>sbagcbd_review.regardingobjectid</DependentAttributeName>
                                    <DependentAttributeType>incident</DependentAttributeType>
                                  </parameters>
                                </control>
                              </cell>
                              <cell id="{6772e386-e427-d35e-1eb6-c90ecbc749e7}" showlabel="true" locklevel="0">
                                <labels>
                                  <label description="Review Status" languagecode="1033" />
                                </labels>
                                <control id="sbagcbd_reviewstatus" classid="{3EF39988-22BB-4f0b-BBBE-64B5A3748AEE}" datafieldname="sbagcbd_reviewstatus" disabled="false" uniqueid="{66da81ea-57a4-605a-c178-35784e891ac3}" />
                              </cell>
                            </row>
                            <row>
                              <cell id="{89b1f118-c501-484d-a735-929d4250d1c2}" showlabel="true" locklevel="0">
                                <labels>
                                  <label description="Subsection" languagecode="1033" />
                                </labels>
                                <control id="sbagcbd_subsection" classid="{270BD3DB-D9AF-4782-9025-509E298DEC0A}" datafieldname="sbagcbd_subsection" disabled="false" uniqueid="{1d7c9294-c42e-d02d-b2d8-812a79c91792}">
                                  <parameters>
                                    <AutoResolve>true</AutoResolve>
                                    <DisableMru>false</DisableMru>
                                    <DisableQuickFind>false</DisableQuickFind>
                                    <DisableViewPicker>false</DisableViewPicker>
                                    <DefaultViewId>{A775471E-F07E-4F06-A5FF-882710F7B17D}</DefaultViewId>
                                    <FilterRelationshipName>sbagcbd_CaseCardSubLevel1_rel</FilterRelationshipName>
                                    <DependentAttributeName>sbagcbd_review.sbagcbd_card</DependentAttributeName>
                                    <DependentAttributeType>sbagcbd_casecard</DependentAttributeType>
                                    <AllowFilterOff>false</AllowFilterOff>
                                  </parameters>
                                </control>
                              </cell>
                              <cell id="{787a22d7-e366-5c7e-aa9d-06a0d21e2db7}" showlabel="true" locklevel="0">
                                <labels>
                                  <label description="Stage" languagecode="1033" />
                                </labels>
                                <control id="sbagcbd_stage" classid="{3EF39988-22BB-4f0b-BBBE-64B5A3748AEE}" datafieldname="sbagcbd_stage" disabled="true" uniqueid="{220b23dc-8dcd-0bd6-6302-e28b57ae6c1c}" />
                              </cell>
                            </row>
                            <row>
                              <cell id="{a19275d3-1eda-0a78-3c29-60a24a31b591}" showlabel="true" locklevel="0">
                                <labels>
                                  <label description="Question" languagecode="1033" />
                                </labels>
                                <control id="sbagcbd_question" classid="{270BD3DB-D9AF-4782-9025-509E298DEC0A}" datafieldname="sbagcbd_question" disabled="false" uniqueid="{3a78cd38-445c-b74b-8447-b6e9e2e5e17c}">
                                  <parameters>
                                    <AutoResolve>true</AutoResolve>
                                    <DisableMru>true</DisableMru>
                                    <DisableQuickFind>false</DisableQuickFind>
                                    <DisableViewPicker>true</DisableViewPicker>
                                    <DefaultViewId>{CA649D5C-AA99-41E5-BB77-B18E5E5A9085}</DefaultViewId>
                                    <DependentAttributeType>sbagcbd_section</DependentAttributeType>
                                    <AllowFilterOff>false</AllowFilterOff>
                                    <AvailableViewIds>{CA649D5C-AA99-41E5-BB77-B18E5E5A9085}</AvailableViewIds>
                                    <FilterRelationshipName>sbagcbd_sbagcbd_section_sbagcbd_question_Section</FilterRelationshipName>
                                    <DependentAttributeName>sbagcbd_review.sbagcbd_staticsubsection</DependentAttributeName>
                                  </parameters>
                                </control>
                              </cell>
                              <cell id="{7ed3d903-955e-729d-8c0c-5ca159891168}" showlabel="true" locklevel="0">
                                <labels>
                                  <label description="Notify Firm" languagecode="1033" />
                                </labels>
                                <control id="sbagcbd_notifyfirm" classid="{67FAC785-CD58-4f9f-ABB3-4B7DDC6ED5ED}" datafieldname="sbagcbd_notifyfirm" disabled="false" uniqueid="{5e289eda-d84c-16dd-0d8c-b929b9d13ad2}" />
                              </cell>
                            </row>
                            <row>
                              <cell id="{0844053d-ac85-4ae7-aaaa-c985e09705a6}" showlabel="true" locklevel="0" visible="false">
                                <labels>
                                  <label description="Question Reference" languagecode="1033" />
                                </labels>
                                <control id="sbagcbd_questionreference" classid="{4273EDBD-AC1D-40D3-9FB2-095C621B552D}" datafieldname="sbagcbd_questionreference" disabled="true" uniqueid="{bc1d2315-e3d5-4d2b-e777-775bcdd68993}" />
                              </cell>
                              <cell id="{27e3c4d8-ae4b-2357-8e52-5c89daa350d4}" showlabel="false">
                                <labels>
                                  <label description="" languagecode="1033" />
                                </labels>
                              </cell>
                            </row>
                          </rows>
                        </section>
                        <section name="Section_RFI_Due_Date" showlabel="true" showbar="true" locklevel="0" id="{d403e4d2-0ca5-125a-a188-cced4003702e}" IsUserDefined="0" layout="varwidth" columns="1" labelwidth="115" celllabelalignment="Left" celllabelposition="Left">
                          <labels>
                            <label description="Request for Information Due Date" languagecode="1033" />
                          </labels>
                          <rows>
                            <row>
                              <cell id="{a4abe832-a906-1792-dac6-6ca8cc7342b5}" showlabel="true" locklevel="0">
                                <labels>
                                  <label description="Due Date" languagecode="1033" />
                                </labels>
                                <control id="sbagcbd_rfiduedate" classid="{5B773807-9FB2-42db-97C3-7A91EFF8ADFF}" datafieldname="sbagcbd_rfiduedate" disabled="false" uniqueid="{a464dc61-ca81-35e9-79e3-85e97d357578}" />
                              </cell>
                            </row>
                            <row>
                              <cell id="{0965317b-d734-8bc6-49c6-e2c87ebca7dd}" showlabel="true" locklevel="0" rowspan="3">
                                <labels>
                                  <label description="RFI Due Date Extension Reason" languagecode="1033" />
                                </labels>
                                <control id="sbagcbd_rfiduedateextensionreason" classid="{E0DECE4B-6FC8-4a8f-A065-082708572369}" datafieldname="sbagcbd_rfiduedateextensionreason" disabled="false" uniqueid="{c46d5458-4d62-868d-7e16-8e09691d60dd}" />
                              </cell>
                            </row>
                            <row />
                            <row />
                          </rows>
                        </section>
                        <section name="IndividualContributors" id="02eecce2-985d-4ef7-88e0-b548baa2ae8b" IsUserDefined="0" locklevel="0" showlabel="true" showbar="false" layout="varwidth" celllabelalignment="Left" celllabelposition="Left" columns="11" labelwidth="115">
                          <labels>
                            <label description="Individual Contributors" languagecode="1033" />
                          </labels>
                          <rows>
                            <row>
                              <cell id="{ca3a96b6-dc02-4df1-bf7a-c6640d9dfe39}" showlabel="true" locklevel="0">
                                <labels>
                                  <label description="Individual Contributor" languagecode="1033" />
                                </labels>
                                <control id="sbagcbd_individualcontributor" classid="{270BD3DB-D9AF-4782-9025-509E298DEC0A}" datafieldname="sbagcbd_individualcontributor" disabled="true" uniqueid="{e21b0a8c-067a-9252-91ed-ed792112920d}">
                                  <parameters>
                                    <AutoResolve>true</AutoResolve>
                                    <DisableMru>true</DisableMru>
                                    <DisableQuickFind>true</DisableQuickFind>
                                    <DisableViewPicker>true</DisableViewPicker>
                                    <DefaultViewId>{8E446CFD-7278-497F-8CE9-9A8898FE0559}</DefaultViewId>
                                    <FilterRelationshipName>sbagcbd_IndividualContbr_Caseid_Incident</FilterRelationshipName>
                                    <DependentAttributeName>sbagcbd_review.regardingobjectid</DependentAttributeName>
                                    <DependentAttributeType>incident</DependentAttributeType>
                                    <AllowFilterOff>false</AllowFilterOff>
                                    <AvailableViewIds>{8E446CFD-7278-497F-8CE9-9A8898FE0559}</AvailableViewIds>
                                  </parameters>
                                </control>
                              </cell>
                              <cell id="{05999d20-44c8-d5a7-1e69-9ec8e6b85831}" showlabel="true" locklevel="0">
                                <labels>
                                  <label description="Individual Contributor Section" languagecode="1033" />
                                </labels>
                                <control id="sbagcbd_individualcontribsection" classid="{270BD3DB-D9AF-4782-9025-509E298DEC0A}" datafieldname="sbagcbd_individualcontribsection" disabled="true" uniqueid="{556c413a-4191-293c-c85d-36e4a1a02dd8}">
                                  <parameters>
                                    <AutoResolve>true</AutoResolve>
                                    <DisableMru>true</DisableMru>
                                    <DisableQuickFind>false</DisableQuickFind>
                                    <DisableViewPicker>false</DisableViewPicker>
                                    <DefaultViewId>{EE3FA17F-972E-4796-80E1-1B5E979C9C75}</DefaultViewId>
                                    <AllowFilterOff>false</AllowFilterOff>
                                  </parameters>
                                </control>
                              </cell>
                            </row>
                            <row>
                              <cell showlabel="true" locklevel="0" id="{3b7ede60-d7c4-4e0e-8a83-5d5401a58d0d}">
                                <labels>
                                  <label description="" languagecode="1033" />
                                </labels>
                              </cell>
                              <cell id="{2195916a-c4f3-4bfa-a0fd-082bec203ee4}" showlabel="true" locklevel="0">
                                <labels>
                                  <label description="Subsection" languagecode="1033" />
                                </labels>
                                <control id="sbagcbd_individualcontributorsubsection" classid="{270BD3DB-D9AF-4782-9025-509E298DEC0A}" datafieldname="sbagcbd_individualcontributorsubsection" disabled="false" uniqueid="{18cec209-9d52-4c35-42d5-2475143349d8}">
                                  <parameters>
                                    <DisableViewPicker>true</DisableViewPicker>
                                    <AutoResolve>true</AutoResolve>
                                    <DisableMru>true</DisableMru>
                                    <DisableQuickFind>false</DisableQuickFind>
                                    <DefaultViewId>{70F325FF-E169-43FC-9295-94E220FC7B1F}</DefaultViewId>
                                    <AvailableViewIds>{70F325FF-E169-43FC-9295-94E220FC7B1F}</AvailableViewIds>
                                    <AllowFilterOff>false</AllowFilterOff>
                                    <FilterRelationshipName>sbagcbd_sbagcbd_individualcontributorssection_sbagcbd_individualcontributorssubsections_ICSection</FilterRelationshipName>
                                    <DependentAttributeName>sbagcbd_review.sbagcbd_individualcontribsection</DependentAttributeName>
                                    <DependentAttributeType>sbagcbd_individualcontributorssection</DependentAttributeType>
                                  </parameters>
                                </control>
                              </cell>
                            </row>
                          </rows>
                        </section>
                        <section name="SizeStandards_section" showlabel="true" showbar="true" locklevel="0" id="{560eab81-6329-5e81-318e-c0bb77947e83}" IsUserDefined="0" layout="varwidth" columns="11" labelwidth="115" celllabelalignment="Left" celllabelposition="Left">
                          <labels>
                            <label description="Size Standards Review" languagecode="1033" />
                          </labels>
                          <rows>
                            <row>
                              <cell id="{20e3f0b2-a5ac-44c4-8ed5-b98808727933}" showlabel="true" locklevel="0">
                                <labels>
                                  <label description="Size Standards Referral" languagecode="1033" />
                                </labels>
                                <control id="sbagcbd_sizestandardsreferral" classid="{67FAC785-CD58-4F9F-ABB3-4B7DDC6ED5ED}" datafieldname="sbagcbd_sizestandardsreferral" disabled="true" />
                              </cell>
                              <cell id="{3ce8e81e-dbd4-d7ee-a2e9-70184b139078}" showlabel="false" userspacer="true">
                                <labels>
                                  <label description="" languagecode="1033" />
                                </labels>
                              </cell>
                            </row>
                            <row>
                              <cell id="{33335abe-18a6-8b4d-7736-3b8431d4087d}" showlabel="true" locklevel="0">
                                <labels>
                                  <label description="Size Standard Applied" languagecode="1033" />
                                </labels>
                                <control id="sbagcbd_sizestandardapplied" classid="{67FAC785-CD58-4f9f-ABB3-4B7DDC6ED5ED}" datafieldname="sbagcbd_sizestandardapplied" disabled="false" />
                              </cell>
                              <cell id="{6db914d3-0743-9448-a1b8-56a442d87baa}" showlabel="true" locklevel="0">
                                <labels>
                                  <label description="Determination" languagecode="1033" />
                                </labels>
                                <control id="sbagcbd_determination" classid="{3EF39988-22BB-4f0b-BBBE-64B5A3748AEE}" datafieldname="sbagcbd_determination" disabled="false" />
                              </cell>
                            </row>
                            <row>
                              <cell id="{957b330a-2922-4aa0-ea86-b7602c292c82}" showlabel="true" locklevel="0">
                                <labels>
                                  <label description="Basis of Calculation" languagecode="1033" />
                                </labels>
                                <control id="sbagcbd_basisofcalculation" classid="{3EF39988-22BB-4f0b-BBBE-64B5A3748AEE}" datafieldname="sbagcbd_basisofcalculation" disabled="false" />
                              </cell>
                              <cell showlabel="true" locklevel="0" id="{6b4c56e8-d8e6-48b8-889b-2039362d8677}">
                                <labels>
                                  <label description="" languagecode="1033" />
                                </labels>
                              </cell>
                            </row>
                          </rows>
                        </section>
                        <section name="General_section_OGC_Review" showlabel="true" showbar="true" locklevel="0" id="{1ad424a7-5102-60a3-5e88-47bcd9ed660b}" IsUserDefined="0" layout="varwidth" columns="1" labelwidth="115" celllabelalignment="Left" celllabelposition="Left">
                          <labels>
                            <label description="OGC Review" languagecode="1033" />
                          </labels>
                          <rows>
                            <row>
                              <cell id="{a2b4f503-fe0b-404c-aae4-d13dbb6e7fd2}" showlabel="true" locklevel="0">
                                <labels>
                                  <label description="OGC Referral" languagecode="1033" />
                                </labels>
                                <control id="sbagcbd_ogcreferral" classid="{67FAC785-CD58-4F9F-ABB3-4B7DDC6ED5ED}" datafieldname="sbagcbd_ogcreferral" disabled="true" />
                              </cell>
                            </row>
                            <row>
                              <cell id="{6ee2e750-4c00-7b1c-49d9-ec24754b08cd}" showlabel="true" locklevel="0">
                                <labels>
                                  <label description="Primary Purpose of Review" languagecode="1033" />
                                </labels>
                                <control id="sbagcbd_primarypurposeofogcreview" classid="{3EF39988-22BB-4f0b-BBBE-64B5A3748AEE}" datafieldname="sbagcbd_primarypurposeofogcreview" disabled="false" uniqueid="{b209d1ee-52c4-3c95-619c-1356be40e448}" />
                              </cell>
                            </row>
                            <row>
                              <cell id="{b1075ae4-7677-e375-d6d8-eea1dc549846}" showlabel="true" locklevel="0" rowspan="2">
                                <labels>
                                  <label description="Primary Purpose of Review (other)" languagecode="1033" />
                                </labels>
                                <control id="sbagcbd_primarypurposeofreviewtext" classid="{E0DECE4B-6FC8-4a8f-A065-082708572369}" datafieldname="sbagcbd_primarypurposeofreviewtext" disabled="false" uniqueid="{1add8156-15b5-a742-d414-01a5bd42b1c5}" />
                              </cell>
                            </row>
                            <row />
                            <row>
                              <cell id="{b4616b9d-50da-adba-3c77-d2dcb75ceea2}" showlabel="true" locklevel="0" rowspan="6">
                                <labels>
                                  <label description="OGC Review Supporting Comments" languagecode="1033" />
                                </labels>
                                <control id="sbagcbd_ogcreviewsupportingcomments" classid="{E0DECE4B-6FC8-4a8f-A065-082708572369}" datafieldname="sbagcbd_ogcreviewsupportingcomments" disabled="false" uniqueid="{8db11b11-9915-e14b-9c68-8160b2688492}" />
                              </cell>
                            </row>
                            <row />
                            <row />
                            <row />
                            <row />
                            <row />
                          </rows>
                        </section>
                        <section name="General_section_examofaconcern" id="54902f94-3b4c-4c67-a042-0ba544618e54" IsUserDefined="0" locklevel="0" showlabel="true" showbar="false" layout="varwidth" celllabelalignment="Left" celllabelposition="Left" columns="1" labelwidth="115" visible="true">
                          <labels>
                            <label description="Examination of a Concern" languagecode="1033" />
                          </labels>
                          <rows>
                            <row>
                              <cell id="{39b33407-92da-464e-ba56-f07300c4565d}" showlabel="true" locklevel="0">
                                <labels>
                                  <label description="Reason for Review" languagecode="1033" />
                                </labels>
                                <control id="sbagcbd_reasonforreview" classid="{3EF39988-22BB-4F0B-BBBE-64B5A3748AEE}" datafieldname="sbagcbd_reasonforreview" disabled="false" uniqueid="{5e240d3b-1908-4773-9247-1289d9849e24}" />
                              </cell>
                            </row>
                            <row>
                              <cell id="{d8ad7967-6944-46ff-a1cf-0b50cb4b111d}" showlabel="true" locklevel="0">
                                <labels>
                                  <label description="Other Referral" languagecode="1033" />
                                </labels>
                                <control id="sbagcbd_otherreferral" classid="{4273EDBD-AC1D-40D3-9FB2-095C621B552D}" datafieldname="sbagcbd_otherreferral" disabled="false" />
                              </cell>
                            </row>
                            <row>
                              <cell id="{09d896ad-fe16-4c9d-a967-8f8b71762538}" showlabel="true" locklevel="0">
                                <labels>
                                  <label description="Material Change Type" languagecode="1033" />
                                </labels>
                                <control id="sbagcbd_materialchange" classid="{3EF39988-22BB-4F0B-BBBE-64B5A3748AEE}" datafieldname="sbagcbd_materialchange" disabled="false" />
                              </cell>
                            </row>
                          </rows>
                        </section>
                        <section name="General_section_Documents" showlabel="true" showbar="true" locklevel="0" id="{064d9a59-4821-0d79-4c1b-d9c54ca46114}" IsUserDefined="0" layout="varwidth" columns="1" labelwidth="115" celllabelalignment="Left" celllabelposition="Left">
                          <labels>
                            <label description="Documents" languagecode="1033" />
                          </labels>
                          <rows>
                            <row>
                              <cell id="{19d0b09e-decd-ed9d-ec22-445862e61cdd}" showlabel="false" colspan="1" auto="false" rowspan="6">
                                <labels>
                                  <label description="Documents" languagecode="1033" />
                                </labels>
                                <control id="OGC_uploaded_documents" classid="{E7A81278-8635-4d9e-8D4D-59480B391C5B}" indicationOfSubgrid="true" uniqueid="{48ac1911-8c45-b7d8-38b6-c29d6c8bbce9}">
                                  <parameters>
                                    <ViewId>{44CB81A9-A366-48EF-BE93-BA978C46F5C6}</ViewId>
                                    <IsUserView>false</IsUserView>
                                    <RelationshipName>sbagcbd_review_Documents_sbagcbd_uploaded</RelationshipName>
                                    <TargetEntityType>sbagcbd_uploadeddocument</TargetEntityType>
                                    <AutoExpand>Fixed</AutoExpand>
                                    <EnableQuickFind>false</EnableQuickFind>
                                    <EnableViewPicker>false</EnableViewPicker>
                                    <ViewIds>{44CB81A9-A366-48EF-BE93-BA978C46F5C6}</ViewIds>
                                    <EnableJumpBar>false</EnableJumpBar>
                                    <ChartGridMode>Grid</ChartGridMode>
                                    <VisualizationId />
                                    <IsUserChart>false</IsUserChart>
                                    <EnableChartPicker>false</EnableChartPicker>
                                    <RecordsPerPage>4</RecordsPerPage>
                                    <HeaderColorCode>#F3F3F3</HeaderColorCode>
                                  </parameters>
                                </control>
                              </cell>
                            </row>
                            <row />
                            <row />
                            <row />
                            <row />
                            <row />
                          </rows>
                        </section>
                        <section name="{33f22146-76c1-4afd-92b4-f7ae16008b2e}_section_3" showlabel="true" showbar="true" locklevel="0" id="{0879e121-396e-be4b-1a29-89e89031737b}" IsUserDefined="0" layout="varwidth" columns="1" labelwidth="115" celllabelalignment="Left" celllabelposition="Left">
                          <labels>
                            <label description="SBA Notes" languagecode="1033" />
                          </labels>
                          <rows>
                            <row>
                              <cell id="{709d16ba-a733-bc31-680b-08e4a6bc406d}" showlabel="true" locklevel="0">
                                <labels>
                                  <label description="Analyst Checklist" languagecode="1033" />
                                </labels>
                                <control id="sbagcbd_analystchecklist" classid="{3EF39988-22BB-4f0b-BBBE-64B5A3748AEE}" datafieldname="sbagcbd_analystchecklist" disabled="false" />
                              </cell>
                            </row>
                            <row>
                              <cell id="{3ee71909-4aca-bc98-db42-89a29a7d8492}" showlabel="false" locklevel="0" rowspan="3">
                                <labels>
                                  <label description="Description" languagecode="1033" />
                                </labels>
                                <control id="description" classid="{E0DECE4B-6FC8-4a8f-A065-082708572369}" datafieldname="description" disabled="false" uniqueid="{64781c79-9c27-ba09-e060-e518c24ab2a4}" />
                              </cell>
                            </row>
                            <row />
                            <row />
                          </rows>
                        </section>
                        <section name="External_Notes" showlabel="true" showbar="true" locklevel="0" id="{693113a9-ed13-2014-8dd5-ed32910ea526}" IsUserDefined="0" layout="varwidth" columns="1" labelwidth="115" celllabelalignment="Left" celllabelposition="Left">
                          <labels>
                            <label description="External Notes" languagecode="1033" />
                          </labels>
                          <rows>
                            <row>
                              <cell id="{594c1a00-70ad-632a-57a0-e552c343d380}" showlabel="true" locklevel="0" rowspan="3">
                                <labels>
                                  <label description="Notes" languagecode="1033" />
                                </labels>
                                <control id="sbagcbd_externalnotes" classid="{E0DECE4B-6FC8-4a8f-A065-082708572369}" datafieldname="sbagcbd_externalnotes" disabled="false" uniqueid="{2a5b79c3-95b2-6671-3553-c6d97233cd75}" />
                              </cell>
                            </row>
                            <row />
                            <row />
                          </rows>
                        </section>
                        <section name="Associated_Tasks" showlabel="true" showbar="true" locklevel="0" id="{a705c0a5-1c40-22ad-519b-ca12c73bcced}" IsUserDefined="0" layout="varwidth" columns="1" labelwidth="115" celllabelalignment="Left" celllabelposition="Left" visible="false">
                          <labels>
                            <label description="Associated Tasks" languagecode="1033" />
                          </labels>
                          <rows>
                            <row>
                              <cell id="{aadca5c5-2bb0-cdea-6091-5aa39dc5cb8a}" showlabel="false" colspan="1" auto="false" rowspan="6">
                                <labels>
                                  <label description="Tasks (Review)" languagecode="1033" />
                                </labels>
                                <control id="Tasks" classid="{E7A81278-8635-4d9e-8D4D-59480B391C5B}" indicationOfSubgrid="true" uniqueid="{25b189c3-6ee5-50c7-cc61-067703b889c0}">
                                  <parameters>
                                    <ViewId>{2B5F5A5D-2D23-4FE7-AA58-E77995368AE7}</ViewId>
                                    <IsUserView>false</IsUserView>
                                    <RelationshipName>sbagcbd_sbagcbd_review_task_Review</RelationshipName>
                                    <TargetEntityType>task</TargetEntityType>
                                    <AutoExpand>Fixed</AutoExpand>
                                    <EnableQuickFind>false</EnableQuickFind>
                                    <EnableViewPicker>false</EnableViewPicker>
                                    <ViewIds />
                                    <EnableJumpBar>false</EnableJumpBar>
                                    <ChartGridMode>All</ChartGridMode>
                                    <VisualizationId>{9E6A8B06-6D14-46E6-BBF5-95C388C6EB7A}</VisualizationId>
                                    <IsUserChart>false</IsUserChart>
                                    <EnableChartPicker>true</EnableChartPicker>
                                    <RecordsPerPage>4</RecordsPerPage>
                                    <HeaderColorCode>#F3F3F3</HeaderColorCode>
                                  </parameters>
                                </control>
                              </cell>
                            </row>
                            <row />
                            <row />
                            <row />
                            <row />
                            <row />
                          </rows>
                        </section>
                        <section name="{33f22146-76c1-4afd-92b4-f7ae16008b2e}_section_4" showlabel="false" showbar="false" locklevel="0" id="{8a2440bd-85d2-2c61-3e33-eb6a5d47a0ed}" IsUserDefined="0" layout="varwidth" columns="1" labelwidth="115" celllabelalignment="Left" celllabelposition="Left" visible="false">
                          <labels>
                            <label description="Hidden" languagecode="1033" />
                          </labels>
                          <rows>
                            <row>
                              <cell id="{62364c14-1dd4-481d-0d1d-cc2eddcee9d5}" showlabel="true" locklevel="0">
                                <labels>
                                  <label description="Process Stage" languagecode="1033" />
                                </labels>
                                <control id="sbagcbd_processstage" classid="{270BD3DB-D9AF-4782-9025-509E298DEC0A}" datafieldname="sbagcbd_processstage" disabled="false" uniqueid="{0199824a-334d-bd0b-3031-11cc63408d49}">
                                  <parameters>
                                    <AutoResolve>true</AutoResolve>
                                    <DisableMru>false</DisableMru>
                                    <DisableQuickFind>false</DisableQuickFind>
                                    <DisableViewPicker>false</DisableViewPicker>
                                    <DefaultViewId>{1BCC6C47-0426-490F-A7FC-1A53AB5C03F3}</DefaultViewId>
                                    <AllowFilterOff>false</AllowFilterOff>
                                  </parameters>
                                </control>
                              </cell>
                            </row>
                            <row>
                              <cell id="{b2e0b874-d8c9-4c97-b8e6-ccd78dd982f4}">
                                <labels>
                                  <label description="Regarding" languagecode="1033" />
                                </labels>
                                <control id="regardingobjectid" classid="{F3015350-44A2-4aa0-97B5-00166532B5E9}" datafieldname="regardingobjectid" uniqueid="{d3c4c7e8-8c83-be37-9867-83a01c5cdd67}" />
                              </cell>
                            </row>
                            <row>
                              <cell id="{f03c2095-195f-47c4-98f6-42c10e51fd01}" showlabel="true" locklevel="0">
                                <labels>
                                  <label description="Subject" languagecode="1033" />
                                </labels>
                                <control id="subject" classid="{4273EDBD-AC1D-40d3-9FB2-095C621B552D}" datafieldname="subject" uniqueid="{86e766bb-0507-e492-2a2b-3278272055a8}" disabled="false" />
                              </cell>
                            </row>
                            <row>
                              <cell id="{37007962-03a5-7a97-8d09-3eb2509e0366}" showlabel="true" locklevel="0">
                                <labels>
                                  <label description="Has Individual Contributors" languagecode="1033" />
                                </labels>
                                <control id="sbagcbd_hasindividualcontributors" classid="{67FAC785-CD58-4f9f-ABB3-4B7DDC6ED5ED}" datafieldname="sbagcbd_hasindividualcontributors" disabled="false" uniqueid="{67a385c2-7701-2c3d-8334-48594cd22e1a}" />
                              </cell>
                            </row>
                          </rows>
                        </section>
                        <section name="section_Decertification" showlabel="true" showbar="true" locklevel="0" id="{0266688b-653e-6008-361d-e58d2b5a89bd}" IsUserDefined="0" layout="varwidth" columns="11" labelwidth="115" celllabelalignment="Left" celllabelposition="Left">
                          <labels>
                            <label description="Decertification" languagecode="1033" />
                          </labels>
                          <rows>
                            <row>
                              <cell id="{3d109de2-7ad7-48b5-b076-3b1147d9dab7}" showlabel="true" locklevel="0">
                                <labels>
                                  <label description="Decertification Letter" languagecode="1033" />
                                </labels>
                                <control id="sbagcbd_decertificationletter" classid="{270BD3DB-D9AF-4782-9025-509E298DEC0A}" datafieldname="sbagcbd_decertificationletter" disabled="false" />
                              </cell>
                              <cell id="{5b916985-526b-27a6-38c8-1b556c9ba8b6}" showlabel="true" locklevel="0">
                                <labels>
                                  <label description="Analyst Recommendation" languagecode="1033" />
                                </labels>
                                <control id="sbagcbd_analystrecommendation" classid="{3EF39988-22BB-4f0b-BBBE-64B5A3748AEE}" datafieldname="sbagcbd_analystrecommendation" disabled="false" />
                              </cell>
                            </row>
                            <row>
                              <cell id="{3a3862a6-107d-7dc9-6894-8719a9ca8a45}" showlabel="true" locklevel="0" colspan="2">
                                <labels>
                                  <label description="Decertification Team Lead Recommendation" languagecode="1033" />
                                </labels>
                                <control id="sbagcbd_decertificationteamleadrecommendation" classid="{3EF39988-22BB-4f0b-BBBE-64B5A3748AEE}" datafieldname="sbagcbd_decertificationteamleadrecommendation" disabled="false" uniqueid="{970482b8-a1a8-2239-83cc-951cddb30647}" />
                              </cell>
                            </row>
                            <row>
                              <cell id="{dd2cd0e7-9baa-a909-4479-d08489b66a1b}" showlabel="true" locklevel="0" colspan="2">
                                <labels>
                                  <label description="Decertification Program Director Actions" languagecode="1033" />
                                </labels>
                                <control id="sbagcbd_decertificationprogramdirectoractions" classid="{3EF39988-22BB-4f0b-BBBE-64B5A3748AEE}" datafieldname="sbagcbd_decertificationprogramdirectoractions" disabled="false" uniqueid="{001da479-e286-a92d-4086-906194e9c34e}" />
                              </cell>
                            </row>
                          </rows>
                        </section>
                      </sections>
                    </column>
                  </columns>
                </tab>
                <tab name="tab_documents" id="32972fb0-6536-4fa4-9a18-ea2dc12dd5b9" IsUserDefined="0" locklevel="0" showlabel="true" expanded="false" visible="false">
                  <labels>
                    <label description="Documents" languagecode="1033" />
                  </labels>
                  <columns>
                    <column width="100%">
                      <sections>
                        <section name="tab_2_section_1" id="d2faa4dc-a03b-410e-a3f2-3c0a12ff96c8" IsUserDefined="0" locklevel="0" showlabel="true" showbar="false" layout="varwidth" celllabelalignment="Left" celllabelposition="Left" columns="1" labelwidth="115">
                          <labels>
                            <label description="New Section" languagecode="1033" />
                          </labels>
                          <rows>
                            <row>
                              <cell id="{771b8399-8c7e-948c-99bb-e886625054e8}" showlabel="false" colspan="1" auto="false" rowspan="34">
                                <labels>
                                  <label description="documents" languagecode="1033" />
                                </labels>
                                <control id="IFRAME_documents" classid="{FD2A7985-3187-444e-908D-6624B21F69C0}">
                                  <parameters>
                                    <Url>https:///</Url>
                                    <PassParameters>false</PassParameters>
                                    <Security>false</Security>
                                    <Scrolling>no</Scrolling>
                                    <Border>false</Border>
                                    <ShowOnMobileClient>false</ShowOnMobileClient>
                                  </parameters>
                                </control>
                              </cell>
                            </row>
                            <row />
                            <row />
                            <row />
                            <row />
                            <row />
                            <row />
                            <row />
                            <row />
                            <row />
                            <row />
                            <row />
                            <row />
                            <row />
                            <row />
                            <row />
                            <row />
                            <row />
                            <row />
                            <row />
                            <row />
                            <row />
                            <row />
                            <row />
                            <row />
                            <row />
                            <row />
                            <row />
                            <row />
                            <row />
                            <row />
                            <row />
                            <row />
                            <row />
                          </rows>
                        </section>
                      </sections>
                    </column>
                  </columns>
                </tab>
              </tabs>
              <header id="{8d8c60db-2612-42d9-8f3e-9c004bf6ef40}" celllabelposition="Top" columns="1111" labelwidth="115">
                <rows>
                  <row>
                    <cell id="{5e45acc3-454b-bacc-209b-a1d3462432ae}" showlabel="true" locklevel="0">
                      <labels>
                        <label description="Case" languagecode="1033" />
                      </labels>
                      <control id="header_regardingobjectid" classid="{F3015350-44A2-4aa0-97B5-00166532B5E9}" datafieldname="regardingobjectid" disabled="false" />
                    </cell>
                    <cell id="{352c7406-1154-4c2a-baa9-8a33fb17b0da}">
                      <labels>
                        <label description="Activity Status" languagecode="1033" />
                      </labels>
                      <control id="header_statecode" classid="{3EF39988-22BB-4f0b-BBBE-64B5A3748AEE}" datafieldname="statecode" disabled="false" />
                    </cell>
                    <cell id="{9c7a627a-ad01-2004-dbd1-a057c20bc533}" showlabel="true" locklevel="0">
                      <labels>
                        <label description="Date Created" languagecode="1033" />
                      </labels>
                      <control id="header_createdon" classid="{5B773807-9FB2-42db-97C3-7A91EFF8ADFF}" datafieldname="createdon" disabled="false" />
                    </cell>
                    <cell id="{0cab6ea8-e387-4cbd-9e26-86d0c46305e1}">
                      <labels>
                        <label description="Owner" languagecode="1033" />
                      </labels>
                      <control id="header_ownerid" classid="{270BD3DB-D9AF-4782-9025-509E298DEC0A}" datafieldname="ownerid" disabled="false" />
                    </cell>
                  </row>
                </rows>
              </header>
              <Navigation>
                <NavBar></NavBar>
                <NavBarAreas>
                  <NavBarArea Id="Info">
                    <Titles>
                      <Title LCID="1033" Text="Common" />
                    </Titles>
                  </NavBarArea>
                  <NavBarArea Id="Sales">
                    <Titles>
                      <Title LCID="1033" Text="Sales" />
                    </Titles>
                  </NavBarArea>
                  <NavBarArea Id="Service">
                    <Titles>
                      <Title LCID="1033" Text="Service" />
                    </Titles>
                  </NavBarArea>
                  <NavBarArea Id="Marketing">
                    <Titles>
                      <Title LCID="1033" Text="Marketing" />
                    </Titles>
                  </NavBarArea>
                  <NavBarArea Id="ProcessCenter">
                    <Titles>
                      <Title LCID="1033" Text="Process Sessions" />
                    </Titles>
                  </NavBarArea>
                </NavBarAreas>
              </Navigation>
              <controlDescriptions />
              <footer id="{332d8587-68d5-4ac4-8234-17eff1bc1ef2}" celllabelposition="Top" columns="111" labelwidth="115" celllabelalignment="Left">
                <rows>
                  <row>
                    <cell id="{5c8ac427-e7e8-41c8-8938-b583bc221d44}" showlabel="false">
                      <labels>
                        <label description="" languagecode="1033" />
                      </labels>
                    </cell>
                    <cell id="{ad4ea064-4c53-4ca7-a430-632de5f5e299}" showlabel="false">
                      <labels>
                        <label description="" languagecode="1033" />
                      </labels>
                    </cell>
                    <cell id="{e548754d-b552-463c-affb-ef29131da6eb}" showlabel="false">
                      <labels>
                        <label description="" languagecode="1033" />
                      </labels>
                    </cell>
                  </row>
                </rows>
              </footer>
              <formLibraries>
                <Library name="sbagcbd_process_review_paramaters" libraryUniqueId="{976b5992-79ee-4584-21de-cc0bd72e59e4}" />
                <Library name="sbagcbd_reviewLibrary.js" libraryUniqueId="{212b41d5-4057-195b-a481-44bc117981c1}" />
              </formLibraries>
              <events>
                <event name="onload" application="false" active="false">
                  <Handlers>
                    <Handler functionName="processParameters" libraryName="sbagcbd_process_review_paramaters" handlerUniqueId="{8b0cd382-2571-5082-02e6-24e195ebbd8c}" enabled="true" parameters="" passExecutionContext="true" />
                    <Handler functionName="ShowHideIndividualContributors" libraryName="sbagcbd_reviewLibrary.js" handlerUniqueId="{28e5520c-4ea1-a145-0072-4a00507509b5}" enabled="true" parameters="" passExecutionContext="false" />
                    <Handler functionName="ShowHideRFISLAExtension" libraryName="sbagcbd_reviewLibrary.js" handlerUniqueId="{1a40c697-283d-d888-b200-3b53402b1c03}" enabled="false" parameters="" passExecutionContext="false" />
                    <Handler functionName="makeRequired" libraryName="sbagcbd_reviewLibrary.js" handlerUniqueId="{ce074c01-389a-38ae-5096-1be0a502d9dd}" enabled="true" parameters="" passExecutionContext="false" />
                    <Handler functionName="loadReviewForm" libraryName="sbagcbd_reviewLibrary.js" handlerUniqueId="{d4904d60-9ad7-0456-49db-7070188932d3}" enabled="true" parameters="" passExecutionContext="false" />
                  </Handlers>
                </event>
                <event name="onchange" application="false" active="false" attribute="sbagcbd_reviewstatus">
                  <Handlers>
                    <Handler functionName="ShowHideDecertification" libraryName="sbagcbd_reviewLibrary.js" handlerUniqueId="{ccd80488-4ecb-d7e6-bb82-15b67ec42584}" enabled="true" parameters="" passExecutionContext="false" />
                  </Handlers>
                </event>
              </events>
              <formparameters>
                <querystringparameter name="case_id" type="UniqueId" />
                <querystringparameter name="card_name" type="SafeString" />
                <querystringparameter name="section_name" type="SafeString" />
                <querystringparameter name="icsection_name" type="SafeString" />
                <querystringparameter name="individual_contributor" type="SafeString" />
              </formparameters>
              <DisplayConditions Order="0" FallbackForm="true">
                <Everyone />
              </DisplayConditions>
            </form>
            <IsCustomizable>1</IsCustomizable>
            <CanBeDeleted>1</CanBeDeleted>
            <LocalizedNames>
              <LocalizedName description="Flagged Question Review" languagecode="1033" />
            </LocalizedNames>
            <Descriptions>
              <Description description="A form for this entity." languagecode="1033" />
            </Descriptions>
          </systemform>
        </forms>
      </FormXml>
      <RibbonDiffXml>
        <CustomActions>
          <HideCustomAction HideActionId="sbagcbd.Mscrm.SubGrid.sbagcbd_review.AddExistingAssoc.Hide" Location="Mscrm.SubGrid.sbagcbd_review.AddExistingAssoc" />
          <HideCustomAction HideActionId="sbagcbd.Mscrm.SubGrid.sbagcbd_review.AddExistingStandard.Hide" Location="Mscrm.SubGrid.sbagcbd_review.AddExistingStandard" />
          <HideCustomAction HideActionId="sbagcbd.Mscrm.SubGrid.sbagcbd_review.DocumentTemplate.Hide" Location="Mscrm.SubGrid.sbagcbd_review.DocumentTemplate" />
          <HideCustomAction HideActionId="sbagcbd.Mscrm.SubGrid.sbagcbd_review.ExportSelectedToExcel.Hide" Location="Mscrm.SubGrid.sbagcbd_review.ExportSelectedToExcel" />
          <HideCustomAction HideActionId="sbagcbd.Mscrm.SubGrid.sbagcbd_review.ExportToExcel.Hide" Location="Mscrm.SubGrid.sbagcbd_review.ExportToExcel" />
          <HideCustomAction HideActionId="sbagcbd.Mscrm.SubGrid.sbagcbd_review.FolderTracking.Hide" Location="Mscrm.SubGrid.sbagcbd_review.FolderTracking" />
          <HideCustomAction HideActionId="sbagcbd.Mscrm.SubGrid.sbagcbd_review.RunReport.Hide" Location="Mscrm.SubGrid.sbagcbd_review.RunReport" />
        </CustomActions>
        <Templates>
          <RibbonTemplates Id="Mscrm.Templates"></RibbonTemplates>
        </Templates>
        <CommandDefinitions />
        <RuleDefinitions>
          <TabDisplayRules />
          <DisplayRules />
          <EnableRules />
        </RuleDefinitions>
        <LocLabels />
      </RibbonDiffXml>
      <CustomControlDefaultConfigs>
        <CustomControlDefaultConfig>
          <ControlDescriptionXML><controlDescriptions><controlDescription><customControl id="{E7A81278-8635-4d9e-8D4D-59480B391C5B}" formFactor="0"><parameters /></customControl><customControl id="{E7A81278-8635-4d9e-8D4D-59480B391C5B}" formFactor="1"><parameters /></customControl><customControl formFactor="2" name="MscrmControls.Grid.GridControl"><parameters><data-set name="Grid"><columnsDefaultView /></data-set><EnableGroupBy static="true" type="Enum">yes</EnableGroupBy><EnableEditing static="true" type="Enum">yes</EnableEditing><ReflowBehavior static="true" type="Enum">GridOnly</ReflowBehavior><ListLayoutDirection static="true" type="Enum">Vertical</ListLayoutDirection><EnableSubGridAutoCollapse static="true" type="Enum">false</EnableSubGridAutoCollapse><EnableFiltering static="true" type="Enum">yes</EnableFiltering><HideNestedGridColumnHeader static="true" type="Enum">no</HideNestedGridColumnHeader><EnableJumpBar static="true" type="Enum">yes</EnableJumpBar></parameters></customControl></controlDescription></controlDescriptions></ControlDescriptionXML>
          <IntroducedVersion>1.0.0.0</IntroducedVersion>
        </CustomControlDefaultConfig>
      </CustomControlDefaultConfigs>
    </Entity>
  </Entities>
  <Roles></Roles>
  <Workflows>
    <Workflow WorkflowId="{2e562e3b-5d94-ea11-a811-001dd8309c75}" Name="Make Individual Contributors info Required" Description="Click to add description">
      <XamlFileName>/Workflows/MakeIndividualContributorsinfoRequired-2E562E3B-5D94-EA11-A811-001DD8309C75.xaml</XamlFileName>
      <Type>1</Type>
      <Subprocess>0</Subprocess>
      <Category>2</Category>
      <Mode>1</Mode>
      <Scope>4</Scope>
      <OnDemand>0</OnDemand>
      <TriggerOnCreate>0</TriggerOnCreate>
      <TriggerOnDelete>0</TriggerOnDelete>
      <AsyncAutodelete>0</AsyncAutodelete>
      <SyncWorkflowLogOnFailure>0</SyncWorkflowLogOnFailure>
      <StateCode>1</StateCode>
      <StatusCode>2</StatusCode>
      <RunAs>1</RunAs>
      <IsTransacted>1</IsTransacted>
      <IntroducedVersion>1.0.0.1</IntroducedVersion>
      <IsCustomizable>1</IsCustomizable>
      <BusinessProcessType>0</BusinessProcessType>
      <IsCustomProcessingStepAllowedForOtherPublishers>1</IsCustomProcessingStepAllowedForOtherPublishers>
      <ProcessTriggerFormId>{7f00206f-2638-4c8a-b7a2-aad9dbdcce77}</ProcessTriggerFormId>
      <ProcessTriggerScope>1</ProcessTriggerScope>
      <PrimaryEntity>sbagcbd_review</PrimaryEntity>
      <LocalizedNames>
        <LocalizedName languagecode="1033" description="Make Individual Contributors info Required" />
      </LocalizedNames>
      <Descriptions>
        <Description languagecode="1033" description="Click to add description" />
      </Descriptions>
    </Workflow>
    <Workflow WorkflowId="{fd4daef4-639f-ea11-a811-001dd8309b4f}" Name="Make RFI Due Date Extension Reason REQUIRED if Due Date is changed" Description="Make RFI Due Date Extension Reason REQUIRED if Due Date is changed">
      <XamlFileName>/Workflows/MakeRFIDueDateExtensionReasonREQUIREDifDueDateisch-FD4DAEF4-639F-EA11-A811-001DD8309B4F.xaml</XamlFileName>
      <Type>1</Type>
      <Subprocess>0</Subprocess>
      <Category>2</Category>
      <Mode>1</Mode>
      <Scope>4</Scope>
      <OnDemand>0</OnDemand>
      <TriggerOnCreate>0</TriggerOnCreate>
      <TriggerOnDelete>0</TriggerOnDelete>
      <AsyncAutodelete>0</AsyncAutodelete>
      <SyncWorkflowLogOnFailure>0</SyncWorkflowLogOnFailure>
      <StateCode>0</StateCode>
      <StatusCode>1</StatusCode>
      <RunAs>1</RunAs>
      <IsTransacted>1</IsTransacted>
      <IntroducedVersion>1.0.0.0</IntroducedVersion>
      <IsCustomizable>1</IsCustomizable>
      <BusinessProcessType>0</BusinessProcessType>
      <IsCustomProcessingStepAllowedForOtherPublishers>1</IsCustomProcessingStepAllowedForOtherPublishers>
      <ProcessTriggerFormId>{7f00206f-2638-4c8a-b7a2-aad9dbdcce77}</ProcessTriggerFormId>
      <ProcessTriggerScope>1</ProcessTriggerScope>
      <PrimaryEntity>sbagcbd_review</PrimaryEntity>
      <LocalizedNames>
        <LocalizedName languagecode="1033" description="Make RFI Due Date Extension Reason REQUIRED if Due Date is changed" />
      </LocalizedNames>
      <Descriptions>
        <Description languagecode="1033" description="Make RFI Due Date Extension Reason REQUIRED if Due Date is changed" />
      </Descriptions>
    </Workflow>
    <Workflow WorkflowId="{f7365487-9ba6-ea11-a811-001dd8309b4f}" Name="Hide Review fields if a Referral" Description="Click to add description">
      <XamlFileName>/Workflows/HideReviewfieldsifaReferral-F7365487-9BA6-EA11-A811-001DD8309B4F.xaml</XamlFileName>
      <Type>1</Type>
      <Subprocess>0</Subprocess>
      <Category>2</Category>
      <Mode>1</Mode>
      <Scope>4</Scope>
      <OnDemand>0</OnDemand>
      <TriggerOnCreate>0</TriggerOnCreate>
      <TriggerOnDelete>0</TriggerOnDelete>
      <AsyncAutodelete>0</AsyncAutodelete>
      <SyncWorkflowLogOnFailure>0</SyncWorkflowLogOnFailure>
      <StateCode>1</StateCode>
      <StatusCode>2</StatusCode>
      <RunAs>1</RunAs>
      <IsTransacted>1</IsTransacted>
      <IntroducedVersion>1.0.0.0</IntroducedVersion>
      <IsCustomizable>1</IsCustomizable>
      <BusinessProcessType>0</BusinessProcessType>
      <IsCustomProcessingStepAllowedForOtherPublishers>1</IsCustomProcessingStepAllowedForOtherPublishers>
      <ProcessTriggerFormId>{7f00206f-2638-4c8a-b7a2-aad9dbdcce77}</ProcessTriggerFormId>
      <ProcessTriggerScope>1</ProcessTriggerScope>
      <PrimaryEntity>sbagcbd_review</PrimaryEntity>
      <LocalizedNames>
        <LocalizedName languagecode="1033" description="Hide Review fields if a Referral" />
      </LocalizedNames>
      <Descriptions>
        <Description languagecode="1033" description="Click to add description" />
      </Descriptions>
    </Workflow>
    <Workflow WorkflowId="{730359b7-9ba6-ea11-a811-001dd8309b4f}" Name="Make External Notes Required if an RFI" Description="Click to add description">
      <XamlFileName>/Workflows/MakeExternalNotesRequiredifanRFI-730359B7-9BA6-EA11-A811-001DD8309B4F.xaml</XamlFileName>
      <Type>1</Type>
      <Subprocess>0</Subprocess>
      <Category>2</Category>
      <Mode>1</Mode>
      <Scope>4</Scope>
      <OnDemand>0</OnDemand>
      <TriggerOnCreate>0</TriggerOnCreate>
      <TriggerOnDelete>0</TriggerOnDelete>
      <AsyncAutodelete>0</AsyncAutodelete>
      <SyncWorkflowLogOnFailure>0</SyncWorkflowLogOnFailure>
      <StateCode>1</StateCode>
      <StatusCode>2</StatusCode>
      <RunAs>1</RunAs>
      <IsTransacted>1</IsTransacted>
      <IntroducedVersion>1.0.0.0</IntroducedVersion>
      <IsCustomizable>1</IsCustomizable>
      <BusinessProcessType>0</BusinessProcessType>
      <IsCustomProcessingStepAllowedForOtherPublishers>1</IsCustomProcessingStepAllowedForOtherPublishers>
      <ProcessTriggerFormId>{7f00206f-2638-4c8a-b7a2-aad9dbdcce77}</ProcessTriggerFormId>
      <ProcessTriggerScope>1</ProcessTriggerScope>
      <PrimaryEntity>sbagcbd_review</PrimaryEntity>
      <LocalizedNames>
        <LocalizedName languagecode="1033" description="Make External Notes Required if an RFI" />
      </LocalizedNames>
      <Descriptions>
        <Description languagecode="1033" description="Click to add description" />
      </Descriptions>
    </Workflow>
    <Workflow WorkflowId="{332274b6-ebb5-44a5-8688-f3a490e4edfd}" Name="Review - Set Referral Fields on Selection of Referral" Description="Sets the OGC Referral or the Size Standards Referral fields when the appropriate referral is selected.">
      <XamlFileName>/Workflows/Review-SetReferralFieldsonSelectionofReferral-332274B6-EBB5-44A5-8688-F3A490E4EDFD.xaml</XamlFileName>
      <Type>1</Type>
      <Subprocess>0</Subprocess>
      <Category>0</Category>
      <Mode>0</Mode>
      <Scope>1</Scope>
      <OnDemand>0</OnDemand>
      <TriggerOnCreate>1</TriggerOnCreate>
      <TriggerOnDelete>0</TriggerOnDelete>
      <AsyncAutodelete>1</AsyncAutodelete>
      <SyncWorkflowLogOnFailure>0</SyncWorkflowLogOnFailure>
      <StateCode>1</StateCode>
      <StatusCode>2</StatusCode>
      <RunAs>1</RunAs>
      <IsTransacted>1</IsTransacted>
      <IntroducedVersion>1.7.11.2</IntroducedVersion>
      <IsCustomizable>1</IsCustomizable>
      <IsCustomProcessingStepAllowedForOtherPublishers>1</IsCustomProcessingStepAllowedForOtherPublishers>
      <PrimaryEntity>sbagcbd_review</PrimaryEntity>
      <LocalizedNames>
        <LocalizedName languagecode="1033" description="Review - Set Referral Fields on Selection of Referral" />
      </LocalizedNames>
      <Descriptions>
        <Description languagecode="1033" description="Sets the OGC Referral or the Size Standards Referral fields when the appropriate referral is selected." />
      </Descriptions>
    </Workflow>
    <Workflow WorkflowId="{b6b00479-6f49-44eb-80b2-08928af909b3}" Name="Revew - Set Analyst View to Complete when Mark Complete is selected">
      <XamlFileName>/Workflows/Revew-SetAnalystViewtoCompletewhenMarkCompleteisse-B6B00479-6F49-44EB-80B2-08928AF909B3.xaml</XamlFileName>
      <Type>1</Type>
      <Subprocess>0</Subprocess>
      <Category>0</Category>
      <Mode>0</Mode>
      <Scope>4</Scope>
      <OnDemand>0</OnDemand>
      <TriggerOnUpdateAttributeList>statecode</TriggerOnUpdateAttributeList>
      <TriggerOnCreate>0</TriggerOnCreate>
      <TriggerOnDelete>0</TriggerOnDelete>
      <AsyncAutodelete>1</AsyncAutodelete>
      <SyncWorkflowLogOnFailure>0</SyncWorkflowLogOnFailure>
      <StateCode>1</StateCode>
      <StatusCode>2</StatusCode>
      <RunAs>1</RunAs>
      <IsTransacted>1</IsTransacted>
      <IntroducedVersion>1.7.11.2</IntroducedVersion>
      <IsCustomizable>1</IsCustomizable>
      <IsCustomProcessingStepAllowedForOtherPublishers>1</IsCustomProcessingStepAllowedForOtherPublishers>
      <PrimaryEntity>sbagcbd_review</PrimaryEntity>
      <LocalizedNames>
        <LocalizedName languagecode="1033" description="Revew - Set Analyst View to Complete when Mark Complete is selected" />
      </LocalizedNames>
    </Workflow>
  </Workflows>
  <FieldSecurityProfiles></FieldSecurityProfiles>
  <Templates />
  <EntityMaps />
  <EntityRelationships />
  <OrganizationSettings />
  <optionsets>
    <optionset Name="sbagcbd_reviewstatus" localizedName="Review Status">
      <OptionSetType>picklist</OptionSetType>
      <IsGlobal>1</IsGlobal>
      <IntroducedVersion>1.0.0.0</IntroducedVersion>
      <IsCustomizable>1</IsCustomizable>
      <ExternalTypeName></ExternalTypeName>
      <displaynames>
        <displayname description="Review Status" languagecode="1033" />
      </displaynames>
      <Descriptions>
        <Description description="" languagecode="1033" />
      </Descriptions>
      <options>
        <option value="517220001" ExternalValue="" Color="#0000ff">
          <labels>
            <label description="Complete" languagecode="1033" />
          </labels>
          <Descriptions>
            <Description description="" languagecode="1033" />
          </Descriptions>
        </option>
        <option value="517220005" ExternalValue="" Color="#0000ff">
          <labels>
            <label description="Information Accepted" languagecode="1033" />
          </labels>
          <Descriptions>
            <Description description="" languagecode="1033" />
          </Descriptions>
        </option>
        <option value="517220004" ExternalValue="" Color="#0000ff">
          <labels>
            <label description="Information Received" languagecode="1033" />
          </labels>
          <Descriptions>
            <Description description="" languagecode="1033" />
          </Descriptions>
        </option>
        <option value="517220003" ExternalValue="" Color="#0000ff">
          <labels>
            <label description="Needs Information" languagecode="1033" />
          </labels>
          <Descriptions>
            <Description description="" languagecode="1033" />
          </Descriptions>
        </option>
        <option value="517220000" ExternalValue="" Color="#0000ff">
          <labels>
            <label description="Needs Review" languagecode="1033" />
          </labels>
          <Descriptions>
            <Description description="" languagecode="1033" />
          </Descriptions>
        </option>
        <option value="517220002" ExternalValue="" Color="#0000ff">
          <labels>
            <label description="Not Complete" languagecode="1033" />
          </labels>
          <Descriptions>
            <Description description="" languagecode="1033" />
          </Descriptions>
        </option>
        <option value="517220008" ExternalValue="" Color="#0000ff">
          <labels>
            <label description="Examination of a Concern" languagecode="1033" />
          </labels>
          <Descriptions>
            <Description description="" languagecode="1033" />
          </Descriptions>
        </option>
        <option value="517220007" ExternalValue="" Color="">
          <labels>
            <label description="OGC Review" languagecode="1033" />
          </labels>
          <Descriptions>
            <Description description="" languagecode="1033" />
          </Descriptions>
        </option>
        <option value="517220006" ExternalValue="" Color="">
          <labels>
            <label description="Size Standards Review" languagecode="1033" />
          </labels>
          <Descriptions>
            <Description description="" languagecode="1033" />
          </Descriptions>
        </option>
      </options>
    </optionset>
  </optionsets>
  <WebResources>
    <WebResource>
      <WebResourceId>{f56d38f7-a4a6-ea11-a811-001dd8309b4f}</WebResourceId>
      <Name>sbagcbd_reviewLibrary.js</Name>
      <DisplayName>Review Library.js</DisplayName>
      <LanguageCode>1033</LanguageCode>
      <WebResourceType>3</WebResourceType>
      <IntroducedVersion>1.0.0.0</IntroducedVersion>
      <IsEnabledForMobileClient>0</IsEnabledForMobileClient>
      <IsAvailableForMobileOffline>0</IsAvailableForMobileOffline>
      <DependencyXml>&lt;Dependencies&gt;&lt;Dependency componentType="WebResource"/&gt;&lt;/Dependencies&gt;</DependencyXml>
      <IsCustomizable>1</IsCustomizable>
      <CanBeDeleted>1</CanBeDeleted>
      <IsHidden>0</IsHidden>
      <FileName>/WebResources/sbagcbd_reviewLibraryjsF56D38F7-A4A6-EA11-A811-001DD8309B4F</FileName>
    </WebResource>
    <WebResource>
      <WebResourceId>{dde9f299-3986-ea11-a811-001dd8309ca7}</WebResourceId>
      <Name>sbagcbd_testSample</Name>
      <DisplayName>Analyst View.html</DisplayName>
      <LanguageCode>1033</LanguageCode>
      <WebResourceType>1</WebResourceType>
      <IntroducedVersion>1.0.0.0</IntroducedVersion>
      <IsEnabledForMobileClient>0</IsEnabledForMobileClient>
      <IsAvailableForMobileOffline>0</IsAvailableForMobileOffline>
      <DependencyXml>&lt;Dependencies&gt;&lt;Dependency componentType="WebResource"/&gt;&lt;/Dependencies&gt;</DependencyXml>
      <IsCustomizable>1</IsCustomizable>
      <CanBeDeleted>1</CanBeDeleted>
      <IsHidden>0</IsHidden>
      <FileName>/WebResources/sbagcbd_testSampleDDE9F299-3986-EA11-A811-001DD8309CA7</FileName>
    </WebResource>
  </WebResources>
  <CustomControls />
  <EntityDataProviders />
  <Languages>
    <Language>1033</Language>
  </Languages>
</ImportExportXml>