<ImportExportXml xmlns:xsi="http://www.w3.org/2001/XMLSchema-instance">
  <Entities>
    <Entity>
      <Name LocalizedName="Account" OriginalName="">Account</Name>
      <EntityInfo>
        <entity Name="Account">
          <LocalizedNames>
            <LocalizedName description="Account" languagecode="1033" />
          </LocalizedNames>
          <LocalizedCollectionNames>
            <LocalizedCollectionName description="Accounts" languagecode="1033" />
          </LocalizedCollectionNames>
          <Descriptions>
            <Description description="Business that represents a customer or potential customer. The company that is billed in business transactions." languagecode="1033" />
          </Descriptions>
          <attributes>
            <attribute PhysicalName="sbagcbd_BusinessType">
              <Type>picklist</Type>
              <Name>sbagcbd_businesstype</Name>
              <LogicalName>sbagcbd_businesstype</LogicalName>
              <RequiredLevel>none</RequiredLevel>
              <DisplayMask>ValidForAdvancedFind|ValidForForm|ValidForGrid</DisplayMask>
              <ImeMode>auto</ImeMode>
              <ValidForUpdateApi>1</ValidForUpdateApi>
              <ValidForReadApi>1</ValidForReadApi>
              <ValidForCreateApi>1</ValidForCreateApi>
              <IsCustomField>1</IsCustomField>
              <IsAuditEnabled>1</IsAuditEnabled>
              <IsSecured>0</IsSecured>
              <IntroducedVersion>1.7.21.3</IntroducedVersion>
              <IsCustomizable>1</IsCustomizable>
              <IsRenameable>1</IsRenameable>
              <CanModifySearchSettings>1</CanModifySearchSettings>
              <CanModifyRequirementLevelSettings>1</CanModifyRequirementLevelSettings>
              <CanModifyAdditionalSettings>1</CanModifyAdditionalSettings>
              <SourceType>0</SourceType>
              <IsGlobalFilterEnabled>0</IsGlobalFilterEnabled>
              <IsSortableEnabled>0</IsSortableEnabled>
              <CanModifyGlobalFilterSettings>1</CanModifyGlobalFilterSettings>
              <CanModifyIsSortableSettings>1</CanModifyIsSortableSettings>
              <IsDataSourceSecret>0</IsDataSourceSecret>
              <AutoNumberFormat></AutoNumberFormat>
              <IsSearchable>0</IsSearchable>
              <IsFilterable>0</IsFilterable>
              <IsRetrievable>0</IsRetrievable>
              <IsLocalizable>0</IsLocalizable>
              <AppDefaultValue>-1</AppDefaultValue>
              <OptionSetName>sbagcbd_businesstypes</OptionSetName>
              <displaynames>
                <displayname description="SBA Business Type" languagecode="1033" />
              </displaynames>
              <Descriptions>
                <Description description="" languagecode="1033" />
              </Descriptions>
            </attribute>
          </attributes>
          <EntitySetName>accounts</EntitySetName>
          <IsDuplicateCheckSupported>1</IsDuplicateCheckSupported>
          <IsBusinessProcessEnabled>1</IsBusinessProcessEnabled>
          <IsRequiredOffline>0</IsRequiredOffline>
          <IsInteractionCentricEnabled>1</IsInteractionCentricEnabled>
          <IsCollaboration>0</IsCollaboration>
          <AutoRouteToOwnerQueue>0</AutoRouteToOwnerQueue>
          <IsConnectionsEnabled>1</IsConnectionsEnabled>
          <EntityColor>#794300</EntityColor>
          <IsDocumentManagementEnabled>1</IsDocumentManagementEnabled>
          <IsOneNoteIntegrationEnabled>1</IsOneNoteIntegrationEnabled>
          <IsKnowledgeManagementEnabled>0</IsKnowledgeManagementEnabled>
          <IsSLAEnabled>0</IsSLAEnabled>
          <IsDocumentRecommendationsEnabled>0</IsDocumentRecommendationsEnabled>
          <IsBPFEntity>0</IsBPFEntity>
          <OwnershipTypeMask>UserOwned</OwnershipTypeMask>
          <EntityMask>ActivityPointer</EntityMask>
          <IsAuditEnabled>0</IsAuditEnabled>
          <IsRetrieveAuditEnabled>0</IsRetrieveAuditEnabled>
          <IsRetrieveMultipleAuditEnabled>0</IsRetrieveMultipleAuditEnabled>
          <IsActivity>0</IsActivity>
          <ActivityTypeMask></ActivityTypeMask>
          <IsActivityParty>1</IsActivityParty>
          <IsReplicated>1</IsReplicated>
          <IsReplicationUserFiltered>1</IsReplicationUserFiltered>
          <IsMailMergeEnabled>1</IsMailMergeEnabled>
          <IsVisibleInMobile>1</IsVisibleInMobile>
          <IsVisibleInMobileClient>1</IsVisibleInMobileClient>
          <IsReadOnlyInMobileClient>0</IsReadOnlyInMobileClient>
          <IsOfflineInMobileClient>1</IsOfflineInMobileClient>
          <DaysSinceRecordLastModified>0</DaysSinceRecordLastModified>
          <MobileOfflineFilters>
		&lt;fetch version="1.0" output-format="xml-platform" mapping="logical" distinct="false"&gt;
			&lt;entity name="account"&gt;
				&lt;filter type="and"&gt;
					&lt;condition attribute="modifiedon" operator="last-x-days" value="10"/&gt;
				&lt;/filter&gt;
			&lt;/entity&gt;
		&lt;/fetch&gt;
	</MobileOfflineFilters>
          <IsMapiGridEnabled>1</IsMapiGridEnabled>
          <IsReadingPaneEnabled>1</IsReadingPaneEnabled>
          <IsQuickCreateEnabled>1</IsQuickCreateEnabled>
          <SyncToExternalSearchIndex>1</SyncToExternalSearchIndex>
          <IntroducedVersion>5.0.0.0</IntroducedVersion>
          <EnforceStateTransitions>0</EnforceStateTransitions>
          <EntityHelpUrlEnabled>0</EntityHelpUrlEnabled>
          <ChangeTrackingEnabled>1</ChangeTrackingEnabled>
          <IsEnabledForExternalChannels>1</IsEnabledForExternalChannels>
          <IsSolutionAware>0</IsSolutionAware>
          <HasRelatedNotes>True</HasRelatedNotes>
          <HasRelatedActivities>True</HasRelatedActivities>
        </entity>
      </EntityInfo>
      <FormXml>
        <forms type="main">
          <systemform>
            <formid>{830a1a1a-bb63-ea11-a9a6-001dd8308076}</formid>
            <IntroducedVersion>1.0.0.12</IntroducedVersion>
            <FormPresentation>1</FormPresentation>
            <FormActivationState>1</FormActivationState>
            <form showImage="true" headerdensity="HighWithControls" shownavigationbar="false" maxWidth="1920">
              <ancestor id="{8448b78f-8f42-454e-8e2a-f8196b0419af}" />
              <hiddencontrols>
                <data id="address1_addressid" datafieldname="address1_addressid" classid="{5546E6CD-394C-4bee-94A8-4425E17EF6C6}" />
                <data id="address2_addressid" datafieldname="address2_addressid" classid="{5546E6CD-394C-4bee-94A8-4425E17EF6C6}" />
              </hiddencontrols>
              <tabs>
                <tab name="SUMMARY_TAB" id="{3b0b63a9-d379-689a-0ec3-e71eb4c6a841}" IsUserDefined="0" showlabel="true" expanded="true" locklevel="0" labelid="{f35d617c-add8-4a17-88a8-db21ca193264}">
                  <labels>
                    <label description="Firm Information" languagecode="1033" />
                  </labels>
                  <columns>
                    <column width="33%">
                      <sections>
                        <section name="ACCOUNT_INFORMATION" showlabel="true" showbar="false" id="{0eb92e6c-bcb8-0d52-a188-d81543ddb7cd}" IsUserDefined="0" layout="varwidth" columns="1" labelwidth="115" celllabelposition="Left" labelid="{3be33d32-0658-4f7f-b457-f38ab9cd8289}" locklevel="0" celllabelalignment="Left">
                          <labels>
                            <label description="FIRM INFORMATION" languagecode="1033" />
                          </labels>
                          <rows>
                            <row>
                              <cell id="{b0e82a7e-5683-d90c-308a-0d779377ea8a}" showlabel="true" labelid="{45cd462a-03e5-4b81-bf82-5725825058a5}" locklevel="0">
                                <labels>
                                  <label description="Firm Name" languagecode="1033" />
                                </labels>
                                <control id="name" classid="{4273EDBD-AC1D-40d3-9FB2-095C621B552D}" datafieldname="name" disabled="false" uniqueid="{415c50b6-6408-97e8-768c-c8d8b8829b37}" />
                              </cell>
                            </row>
                            <row>
                              <cell id="{2335c1bc-b8b0-46e0-bd76-c1fdcce17434}" showlabel="true" locklevel="0">
                                <labels>
                                  <label description="Account Name DBA" languagecode="1033" />
                                </labels>
                                <control id="sbagcbd_accountnamedba" classid="{4273EDBD-AC1D-40D3-9FB2-095C621B552D}" datafieldname="sbagcbd_accountnamedba" disabled="false" />
                              </cell>
                            </row>
                            <row>
                              <cell id="{3441a91e-47c5-672c-7a20-902d6baa9036}" showlabel="true" labelid="{176ffbb0-863a-4816-8c9d-5011c65af153}">
                                <labels>
                                  <label description="Phone" languagecode="1033" />
                                </labels>
                                <control id="telephone1" classid="{4273EDBD-AC1D-40d3-9FB2-095C621B552D}" datafieldname="telephone1" disabled="false" />
                              </cell>
                            </row>
                            <row>
                              <cell id="{8b98a55e-a345-b20e-d46e-801e79d5c1c1}" showlabel="true" labelid="{560e702d-a42e-40bc-b51b-9ca7c4855942}">
                                <labels>
                                  <label description="Fax" languagecode="1033" />
                                </labels>
                                <control id="fax" classid="{4273EDBD-AC1D-40d3-9FB2-095C621B552D}" datafieldname="fax" disabled="false" />
                              </cell>
                            </row>
                            <row>
                              <cell id="{e6441984-4343-813a-aa7e-e2747ad35390}" showlabel="true" labelid="{6d8571f2-cc0c-453e-a675-a9b6fbb09f84}">
                                <labels>
                                  <label description="Website" languagecode="1033" />
                                </labels>
                                <control id="websiteurl" classid="{71716B6C-711E-476c-8AB8-5D11542BFB47}" datafieldname="websiteurl" disabled="false" />
                              </cell>
                            </row>
                            <row>
                              <cell id="{87DE203E-B03C-44CC-8B06-438202B82553}" labelid="{47bfaa95-2fcf-49c9-b841-9e94a9e31da9}">
                                <labels>
                                  <label description="Parent Account" languagecode="1033" />
                                </labels>
                                <events>
                                  <event name="setadditionalparams" application="true" active="true">
                                    <InternalHandlers>
                                      <Handler functionName="AppCommon.Account.Instance.parentaccountid_setadditionalparams" libraryName="AppCommon/Account/Account_main_system_library.js" handlerUniqueId="c5cc10db-58ac-4611-a529-c1ff599707b1" enabled="true" passExecutionContext="true" />
                                    </InternalHandlers>
                                  </event>
                                </events>
                                <control id="parentaccountid" classid="{270BD3DB-D9AF-4782-9025-509E298DEC0A}" datafieldname="parentaccountid" />
                              </cell>
                            </row>
                            <row>
                              <cell id="{62349a10-aeca-d214-6201-845c7a8b529d}" showlabel="true" locklevel="0">
                                <labels>
                                  <label description="Annual Revenue" languagecode="1033" />
                                </labels>
                                <control id="revenue" classid="{533B9E00-756B-4312-95A0-DC888637AC78}" datafieldname="revenue" disabled="false" />
                              </cell>
                            </row>
                            <row>
                              <cell id="{e2ce63e2-17cc-eaa0-79e7-1b5150beaa8d}" showlabel="true" locklevel="0">
                                <labels>
                                  <label description="Number of Employees" languagecode="1033" />
                                </labels>
                                <control id="numberofemployees" classid="{C6D124CA-7EDA-4a60-AEA9-7FB8D318B68F}" datafieldname="numberofemployees" disabled="false" />
                              </cell>
                            </row>
                            <row>
                              <cell id="{a197df3c-35c1-4502-8f14-7652528aa32f}" showlabel="true" locklevel="0">
                                <labels>
                                  <label description="Primary NAICS" languagecode="1033" />
                                </labels>
                                <control id="sbagcbd_primarynaicscode" classid="{270BD3DB-D9AF-4782-9025-509E298DEC0A}" datafieldname="sbagcbd_primarynaicscode" disabled="false" uniqueid="{ce54085b-a6ea-40d9-5304-4332d8d6782c}">
                                  <parameters>
                                    <AutoResolve>true</AutoResolve>
                                    <DisableMru>true</DisableMru>
                                    <DisableQuickFind>false</DisableQuickFind>
                                    <DisableViewPicker>true</DisableViewPicker>
                                    <DefaultViewId>{738F1FD9-539F-EA11-A811-001DD8309C75}</DefaultViewId>
                                    <AllowFilterOff>false</AllowFilterOff>
                                    <AvailableViewIds>{41072E87-B8AF-4480-BE8F-C97AD44BB388}</AvailableViewIds>
                                  </parameters>
                                </control>
                              </cell>
                            </row>
                            <row>
                              <cell id="{f7a45ca0-5ccb-4c41-bf42-75fe47891c17}" showlabel="true" locklevel="0">
                                <labels>
                                  <label description="Business Type" languagecode="1033" />
                                </labels>
                                <control id="sbagcbd_businesstype" classid="{3EF39988-22BB-4F0B-BBBE-64B5A3748AEE}" datafieldname="sbagcbd_businesstype" disabled="false" />
                              </cell>
                            </row>
                            <row>
                              <cell id="{22081840-6ab1-40a6-8b8d-7dc39fd603cb}" showlabel="true" locklevel="0">
                                <labels>
                                  <label description="Confirmed Business Type" languagecode="1033" />
                                </labels>
                                <control id="sbagcbd_confirmedbusinesstype" classid="{4273EDBD-AC1D-40D3-9FB2-095C621B552D}" datafieldname="sbagcbd_confirmedbusinesstype" disabled="true" />
                              </cell>
                            </row>
                          </rows>
                        </section>
                      </sections>
                    </column>
                    <column width="42%">
                      <sections>
                        <section name="ADDRESS" showlabel="true" locklevel="0" showbar="false" id="{cc0fe06e-4b5f-4648-A62d-84d1514e1fc5}" IsUserDefined="0" layout="varwidth" columns="1" labelwidth="115" celllabelposition="Left" labelid="{2e56e7ac-0b28-4523-88d0-01a0e547aacc}">
                          <labels>
                            <label description="ADDRESS" languagecode="1033" />
                          </labels>
                          <rows>
                            <row>
                              <cell id="{c4b54968-9729-4002-1882-d77775cc3077}" showlabel="true" locklevel="0">
                                <labels>
                                  <label description="Street 1" languagecode="1033" />
                                </labels>
                                <control id="address1_line1" classid="{4273EDBD-AC1D-40d3-9FB2-095C621B552D}" datafieldname="address1_line1" disabled="false" uniqueid="{9457e6e0-c3d5-2387-bd47-04c46b1eeaa8}" />
                              </cell>
                            </row>
                            <row>
                              <cell id="{372e91b3-deed-5dac-bc4a-435893bb1692}" showlabel="true" locklevel="0">
                                <labels>
                                  <label description="Street 2" languagecode="1033" />
                                </labels>
                                <control id="address1_line2" classid="{4273EDBD-AC1D-40d3-9FB2-095C621B552D}" datafieldname="address1_line2" disabled="false" uniqueid="{a1556b4a-5680-b0e3-e4b7-1398175a2071}" />
                              </cell>
                            </row>
                            <row>
                              <cell id="{3480699d-2d52-1e5c-e437-31cb489da171}" showlabel="true" locklevel="0">
                                <labels>
                                  <label description="City" languagecode="1033" />
                                </labels>
                                <control id="address1_city" classid="{4273EDBD-AC1D-40d3-9FB2-095C621B552D}" datafieldname="address1_city" disabled="false" uniqueid="{dd45d9e8-dc31-55e4-19b4-9d1c3b5090aa}" />
                              </cell>
                            </row>
                            <row>
                              <cell id="{2583cd80-31c6-6c9d-ab57-4ae970544a68}" showlabel="true" locklevel="0">
                                <labels>
                                  <label description="State" languagecode="1033" />
                                </labels>
                                <control id="address1_stateorprovince" classid="{4273EDBD-AC1D-40d3-9FB2-095C621B552D}" datafieldname="address1_stateorprovince" disabled="false" uniqueid="{09725321-c941-36a0-ad12-549889756082}" />
                              </cell>
                            </row>
                            <row>
                              <cell id="{334a6210-637a-106e-5511-66c1104b3a9d}" showlabel="true" locklevel="0">
                                <labels>
                                  <label description="Zip Code" languagecode="1033" />
                                </labels>
                                <control id="address1_postalcode" classid="{4273EDBD-AC1D-40d3-9FB2-095C621B552D}" datafieldname="address1_postalcode" disabled="false" uniqueid="{ea4266bc-e5bb-5cde-8590-0dddac903dd6}" />
                              </cell>
                            </row>
                          </rows>
                        </section>
                        <section name="ChildAccounts" showlabel="true" showbar="false" locklevel="0" id="{1e0e4517-ba6b-1540-53a9-09647d67443a}" IsUserDefined="0" layout="varwidth" columns="1" labelwidth="115" celllabelalignment="Left" celllabelposition="Left" labelid="{71dc0bec-1667-4e75-bb10-73c2f7897f60}">
                          <labels>
                            <label description="CHILD ACCOUNTS" languagecode="1033" />
                          </labels>
                          <rows>
                            <row>
                              <cell id="{8b1d7a7a-972c-78c1-d287-82ec5b33d167}" showlabel="false" colspan="1" auto="false" rowspan="6" labelid="{20898782-6685-4ee7-9bd6-d7c9aab3e85b}">
                                <labels>
                                  <label description="Child Accounts" languagecode="1033" />
                                </labels>
                                <control id="ChildAccounts" classid="{E7A81278-8635-4d9e-8D4D-59480B391C5B}">
                                  <parameters>
                                    <ViewId>{00000000-0000-0000-00AA-000010001002}</ViewId>
                                    <IsUserView>false</IsUserView>
                                    <RelationshipName>account_parent_account</RelationshipName>
                                    <TargetEntityType>account</TargetEntityType>
                                    <AutoExpand>Fixed</AutoExpand>
                                    <EnableQuickFind>false</EnableQuickFind>
                                    <EnableViewPicker>false</EnableViewPicker>
                                    <ViewIds>{00000000-0000-0000-00AA-000010001002},{00000000-0000-0000-00AA-000010001001}</ViewIds>
                                    <EnableJumpBar>false</EnableJumpBar>
                                    <ChartGridMode>Grid</ChartGridMode>
                                    <VisualizationId>{74A622C0-5193-DE11-97D4-00155DA3B01E}</VisualizationId>
                                    <IsUserChart>false</IsUserChart>
                                    <EnableChartPicker>false</EnableChartPicker>
                                    <RecordsPerPage>4</RecordsPerPage>
                                  </parameters>
                                </control>
                              </cell>
                            </row>
                            <row />
                            <row />
                            <row />
                            <row />
                            <row />
                          </rows>
                        </section>
                        <section name="COMPANY_PROFILE" showlabel="true" showbar="false" id="{ca8587c5-18c0-cac1-7c34-6c639eade090}" IsUserDefined="0" layout="varwidth" columns="1" labelwidth="115" celllabelposition="Left" labelid="{93685caf-2327-4602-9569-6259ebd4bf37}" visible="false">
                          <labels>
                            <label description="FIRM PROFILE" languagecode="1033" />
                          </labels>
                          <rows>
                            <row>
                              <cell showlabel="false" locklevel="0" id="{fda0fd3f-5465-4dc4-9522-8eaf1833473a}">
                                <labels>
                                  <label description="" languagecode="1033" />
                                </labels>
                              </cell>
                            </row>
                          </rows>
                        </section>
                      </sections>
                    </column>
                    <column width="25%">
                      <sections>
                        <section name="Summary_section_6" showlabel="false" showbar="false" locklevel="0" id="{ea3bb0a6-b9dc-1b0e-5e7d-74a380ee79a3}" IsUserDefined="0" layout="varwidth" columns="1" labelwidth="115" labelid="{aae37035-6801-473b-b155-13b97cd36e27}">
                          <labels>
                            <label description="Assistant" languagecode="1033" />
                          </labels>
                          <rows>
                            <row>
                              <cell id="{2D126B5E-B0BB-436D-A8B3-B8A7C6E1F5A9}" showlabel="false" rowspan="6" auto="false" colspan="1" labelid="{acdd440c-a369-4575-b662-2076cec2de13}">
                                <labels>
                                  <label description="Assistant" languagecode="1033" />
                                </labels>
                                <control id="ActionCards" classid="{F9A8A302-114E-466A-B582-6771B2AE0D92}" uniqueid="{3ff9a528-dd50-4aca-8f10-2e5ed73513ad}" disabled="false">
                                  <parameters>
                                    <ViewId>{92AFD454-0F2E-4397-A1C8-05E37C6AD699}</ViewId>
                                    <IsUserView>false</IsUserView>
                                    <RelationshipName />
                                    <TargetEntityType>actioncard</TargetEntityType>
                                    <AutoExpand>Fixed</AutoExpand>
                                    <EnableViewPicker>false</EnableViewPicker>
                                    <EnableJumpBar>false</EnableJumpBar>
                                    <ChartGridMode>All</ChartGridMode>
                                    <VisualizationId />
                                    <IsUserChart>false</IsUserChart>
                                    <EnableChartPicker>false</EnableChartPicker>
                                    <RecordsPerPage>4</RecordsPerPage>
                                  </parameters>
                                </control>
                              </cell>
                            </row>
                            <row />
                            <row />
                            <row />
                            <row />
                            <row />
                          </rows>
                        </section>
                        <section name="SUMMARY_TAB_section_6" showlabel="false" showbar="false" locklevel="0" id="{d4c3ee9c-ba71-5cdb-31be-2aa505750472}" IsUserDefined="0" layout="varwidth" columns="1" labelwidth="115" celllabelalignment="Left" celllabelposition="Top" labelid="{32ef7538-1121-46f7-bc46-523c29142e8f}">
                          <labels>
                            <label description="Section" languagecode="1033" />
                          </labels>
                          <rows>
                            <row>
                              <cell id="{b187688c-8410-5990-16ec-e153968ab583}" showlabel="true" locklevel="0" labelid="{55930d18-8442-439a-87da-0975dccaf2dd}">
                                <labels>
                                  <label description="Primary Contact" languagecode="1033" />
                                </labels>
                                <control id="primarycontactid" classid="{270BD3DB-D9AF-4782-9025-509E298DEC0A}" datafieldname="primarycontactid" disabled="false">
                                  <parameters>
                                    <FilterRelationshipName>contact_customer_accounts</FilterRelationshipName>
                                    <DependentAttributeName>contact.parentcustomerid</DependentAttributeName>
                                    <DependentAttributeType>account</DependentAttributeType>
                                    <AllowFilterOff>true</AllowFilterOff>
                                    <AutoResolve>true</AutoResolve>
                                    <DisableMru>false</DisableMru>
                                    <DisableQuickFind>false</DisableQuickFind>
                                    <DisableViewPicker>false</DisableViewPicker>
                                    <DefaultViewId>{A2D479C5-53E3-4C69-ADDD-802327E67A0D}</DefaultViewId>
                                  </parameters>
                                </control>
                              </cell>
                            </row>
                            <row>
                              <cell id="{0F664FFF-E39E-4676-9191-CBA16972B21D}" colspan="1" showlabel="false" labelid="{87954e3f-f554-4689-9ba8-04196b0acf4c}">
                                <labels>
                                  <label description="Primary Contact" languagecode="1033" />
                                </labels>
                                <control id="contactquickform" classid="{5C5600E0-1D6E-4205-A272-BE80DA87FD42}" datafieldname="primarycontactid" disabled="false">
                                  <parameters>
                                    <QuickForms>&lt;QuickFormIds&gt;&lt;QuickFormId entityname="contact"&gt;29DE27BC-A257-4F29-99CF-BAB4A84E688F&lt;/QuickFormId&gt;&lt;/QuickFormIds&gt;</QuickForms>
                                    <ControlMode>Edit</ControlMode>
                                  </parameters>
                                </control>
                              </cell>
                            </row>
                          </rows>
                        </section>
                        <section name="CONTACT_PREFERENCES" showlabel="true" showbar="false" id="{2787a122-55d5-4c8d-9b21-c8d4ec8cc3fc}" IsUserDefined="0" columns="1" labelwidth="115" celllabelposition="Left" labelid="{369a5ab2-ac04-4633-b7a3-363c6f4724a0}">
                          <labels>
                            <label description="CONTACT PREFERENCES" languagecode="1033" />
                          </labels>
                          <rows>
                            <row>
                              <cell id="{e651d783-6c9f-4e8d-981c-c9577e344e7b}" labelid="{8d80f3a9-2cfb-4aa4-9bbb-0b08b3080824}">
                                <labels>
                                  <label description="Contact Method" languagecode="1033" />
                                </labels>
                                <control id="preferredcontactmethodcode" classid="{3EF39988-22BB-4f0b-BBBE-64B5A3748AEE}" datafieldname="preferredcontactmethodcode" />
                              </cell>
                            </row>
                            <row>
                              <cell id="{0a536c64-788d-4f22-a388-fbddfdee8142}" labelid="{3f7ee30d-b1cf-4686-96b3-35feaa0c6955}">
                                <labels>
                                  <label description="Email" languagecode="1033" />
                                </labels>
                                <control id="donotemail" classid="{67FAC785-CD58-4f9f-ABB3-4B7DDC6ED5ED}" datafieldname="donotemail" />
                              </cell>
                            </row>
                            <row>
                              <cell id="{82b8410d-3b9c-4aca-9968-6b3e493ef92e}" labelid="{1300a219-4907-4033-8ffe-a717c20351e4}">
                                <labels>
                                  <label description="Follow Email" languagecode="1033" />
                                </labels>
                                <control id="followemail" classid="{67FAC785-CD58-4f9f-ABB3-4B7DDC6ED5ED}" datafieldname="followemail" />
                              </cell>
                            </row>
                            <row>
                              <cell id="{cfa09fa5-ccb6-4f97-bd8d-d7e037a7aab1}" labelid="{01245868-f598-4f5a-aaa4-afb8e961e13a}">
                                <labels>
                                  <label description="Bulk Email" languagecode="1033" />
                                </labels>
                                <control id="donotbulkemail" classid="{67FAC785-CD58-4f9f-ABB3-4B7DDC6ED5ED}" datafieldname="donotbulkemail" />
                              </cell>
                            </row>
                            <row>
                              <cell id="{f587cb66-b142-47c9-bc7a-009875261840}" labelid="{79c2e387-253d-485f-90d3-492f9a03c1e4}">
                                <labels>
                                  <label description="Phone" languagecode="1033" />
                                </labels>
                                <control id="donotphone" classid="{67FAC785-CD58-4f9f-ABB3-4B7DDC6ED5ED}" datafieldname="donotphone" />
                              </cell>
                            </row>
                            <row>
                              <cell id="{12927a20-3614-4546-89fc-9bdbd9b7432f}" labelid="{e0526001-c701-4165-b594-0dae9b359f89}">
                                <labels>
                                  <label description="Fax" languagecode="1033" />
                                </labels>
                                <control id="donotfax" classid="{67FAC785-CD58-4f9f-ABB3-4B7DDC6ED5ED}" datafieldname="donotfax" />
                              </cell>
                            </row>
                            <row>
                              <cell id="{ed50e866-7968-483d-8388-0e6313d3c784}" labelid="{7e7836d1-ccba-422e-bba0-8b7a95dfee35}">
                                <labels>
                                  <label description="Mail" languagecode="1033" />
                                </labels>
                                <control id="donotpostalmail" classid="{67FAC785-CD58-4f9f-ABB3-4B7DDC6ED5ED}" datafieldname="donotpostalmail" />
                              </cell>
                            </row>
                          </rows>
                        </section>
                      </sections>
                    </column>
                  </columns>
                </tab>
                <tab name="DETAILS_TAB" id="{11a42c72-9ded-ea04-253d-2143e731b795}" IsUserDefined="0" showlabel="true" expanded="true" labelid="{b7603a84-4c70-41de-b310-eac9f3945ca5}" locklevel="0" visible="false">
                  <labels>
                    <label description="Details" languagecode="1033" />
                  </labels>
                  <columns>
                    <column width="34%">
                      <sections>
                        <section name="DETAILS_TAB_section_6" showlabel="true" showbar="false" locklevel="0" id="{e201b9ce-c3d5-c922-dba5-528c25066940}" IsUserDefined="0" layout="varwidth" columns="1" labelwidth="115" celllabelalignment="Left" celllabelposition="Top" height="auto" labelid="{f42e1ec6-1209-4d6d-af3c-e9cc2a7355a8}">
                          <labels>
                            <label description="Description" languagecode="1033" />
                          </labels>
                          <rows>
                            <row>
                              <cell id="{a4a726a2-8e3e-79d0-02c3-0a04a6b71089}" showlabel="false" locklevel="0" rowspan="3" auto="true" labelid="{4ec3208b-3b00-4195-8a92-ca77339d31d3}">
                                <labels>
                                  <label description="Description" languagecode="1033" />
                                </labels>
                                <control id="description" classid="{E0DECE4B-6FC8-4a8f-A065-082708572369}" datafieldname="description" disabled="false" />
                              </cell>
                            </row>
                            <row />
                            <row height="auto" />
                          </rows>
                        </section>
                      </sections>
                    </column>
                    <column width="33%">
                      <sections>
                        <section name="MARKETING" showlabel="true" locklevel="0" showbar="false" id="{767ab9cb-cb99-45f4-bd68-32742a864c7c}" IsUserDefined="0" layout="varheight" columns="1" labelwidth="115" celllabelposition="Left" labelid="{4fbf7e22-5e51-43e8-844c-d66c2c059cb6}">
                          <labels>
                            <label description="MARKETING" languagecode="1033" />
                          </labels>
                          <rows>
                            <row>
                              <cell id="{b9c3d8fd-12a2-4474-b937-43da8Be00e6f}" labelid="{0aecfeab-049e-42c2-8f49-28740c0916c9}">
                                <labels>
                                  <label description="Originating Lead" languagecode="1033" />
                                </labels>
                                <control id="originatingleadid" classid="{270BD3DB-D9AF-4782-9025-509E298DEC0A}" datafieldname="originatingleadid" />
                              </cell>
                            </row>
                            <row>
                              <cell auto="false" showlabel="true" locklevel="0" rowspan="1" colspan="1" id="{86b0d247-2f08-455c-a135-91f73860575d}" labelid="{bf423e8e-f96a-41e1-8ac4-86826417aefa}">
                                <labels>
                                  <label description="Last Campaign Date" languagecode="1033" />
                                </labels>
                                <control id="lastusedincampaign" classid="{5B773807-9FB2-42db-97C3-7A91EFF8ADFF}" datafieldname="lastusedincampaign" disabled="true" />
                              </cell>
                            </row>
                            <row>
                              <cell auto="false" showlabel="true" locklevel="0" rowspan="1" colspan="1" id="{0013a9f1-6d23-4080-87a8-f040e1c673fb}" labelid="{8e596ffa-26a8-4d06-a493-de6530379351}">
                                <labels>
                                  <label description="Marketing Materials" languagecode="1033" />
                                </labels>
                                <control id="donotsendmm" classid="{67FAC785-CD58-4f9f-ABB3-4B7DDC6ED5ED}" datafieldname="donotsendmm" disabled="false" />
                              </cell>
                            </row>
                            <row>
                              <cell id="{91865d5a-0869-620b-16b1-9bc50017bc02}" showlabel="false" userspacer="true" labelid="{7e573c72-9771-4e80-a802-48f6e96dfc71}">
                                <labels>
                                  <label description="" languagecode="1033" />
                                </labels>
                              </cell>
                            </row>
                          </rows>
                        </section>
                      </sections>
                    </column>
                    <column width="33%">
                      <sections>
                        <section name="BILLING" showlabel="true" showbar="false" id="{910de80a-a17e-092a-255d-44d775cb4207}" IsUserDefined="0" layout="varwidth" columns="1" labelwidth="115" celllabelposition="Left" locklevel="0" celllabelalignment="Left" labelid="{1020703e-e32f-43d3-97aa-57a0ffbdd273}">
                          <labels>
                            <label description="BILLING" languagecode="1033" />
                          </labels>
                          <rows>
                            <row>
                              <cell id="{7cd2b88c-b25c-4729-9c27-f59ebb5a1538}" labelid="{3d9c0745-4115-44d7-8981-2008d1e280c4}">
                                <labels>
                                  <label description="Currency" languagecode="1033" />
                                </labels>
                                <control id="transactioncurrencyid" classid="{270BD3DB-D9AF-4782-9025-509E298DEC0A}" datafieldname="transactioncurrencyid" />
                              </cell>
                            </row>
                            <row>
                              <cell id="{0125719c-a5b0-4230-9817-3fba5d6ebfaf}" labelid="{7e031645-40ba-477b-8c6f-a112ee114728}">
                                <labels>
                                  <label description="Credit Limit" languagecode="1033" />
                                </labels>
                                <control id="creditlimit" classid="{533B9E00-756B-4312-95A0-DC888637AC78}" datafieldname="creditlimit" />
                              </cell>
                            </row>
                            <row>
                              <cell id="{abc2c862-bcd4-4a4b-ac51-c311d4e66d5b}" labelid="{2831fe49-ac8b-47db-8f8d-eff3e58a60af}">
                                <labels>
                                  <label description="Credit Hold" languagecode="1033" />
                                </labels>
                                <control id="creditonhold" classid="{67FAC785-CD58-4f9f-ABB3-4B7DDC6ED5ED}" datafieldname="creditonhold" />
                              </cell>
                            </row>
                            <row>
                              <cell id="{0bab9157-d14e-441f-969d-80460634c15e}" labelid="{d1a15d71-ac67-435f-bc90-3a11c68a1f75}">
                                <labels>
                                  <label description="Payment Terms" languagecode="1033" />
                                </labels>
                                <control id="paymenttermscode" classid="{3EF39988-22BB-4f0b-BBBE-64B5A3748AEE}" datafieldname="paymenttermscode" />
                              </cell>
                            </row>
                          </rows>
                        </section>
                        <section name="SHIPPING" showlabel="true" showbar="false" id="{d61ba33b-9648-d541-459d-ae145a6854db}" IsUserDefined="0" layout="varwidth" columns="1" labelwidth="115" celllabelposition="Left" locklevel="0" celllabelalignment="Left" labelid="{72accd64-b0d0-4573-a101-722b32274589}">
                          <labels>
                            <label description="SHIPPING" languagecode="1033" />
                          </labels>
                          <rows>
                            <row>
                              <cell id="{4d2e776d-7d85-c51b-3900-1ae7323b0a6b}" showlabel="true" labelid="{d5724f07-1188-497c-b944-ac933fac2d60}">
                                <labels>
                                  <label description="Shipping Method" languagecode="1033" />
                                </labels>
                                <control id="address1_shippingmethodcode" classid="{3EF39988-22BB-4f0b-BBBE-64B5A3748AEE}" datafieldname="address1_shippingmethodcode" />
                              </cell>
                            </row>
                            <row>
                              <cell id="{02719696-a5da-b791-48c3-4e8cb8b110d5}" showlabel="true" labelid="{fa8462f9-5e51-4233-a204-436c0207a5b0}">
                                <labels>
                                  <label description="Freight Terms" languagecode="1033" />
                                </labels>
                                <control id="address1_freighttermscode" classid="{3EF39988-22BB-4f0b-BBBE-64B5A3748AEE}" datafieldname="address1_freighttermscode" />
                              </cell>
                            </row>
                          </rows>
                        </section>
                      </sections>
                    </column>
                  </columns>
                </tab>
                <tab name="documents_sharepoint" id="{5240e6be-ed06-8050-7115-ba225c7a4a13}" IsUserDefined="0" locklevel="0" showlabel="true" expanded="true" labelid="{53000f27-6525-4862-9554-422b4e68afbd}" visible="false">
                  <labels>
                    <label description="Files" languagecode="1033" />
                  </labels>
                  <columns>
                    <column width="100%">
                      <sections>
                        <section name="documents_sharepoint_section" showlabel="false" showbar="false" locklevel="0" id="{92cb1722-c15b-0808-bab8-bb95b133b7ab}" IsUserDefined="0" layout="varwidth" columns="1" labelid="{024d4ca0-f16e-4b9f-bd98-efdfd3949b8c}">
                          <labels>
                            <label description="Documents Section" languagecode="1033" />
                          </labels>
                          <rows>
                            <row>
                              <cell id="{347ca1eb-2368-90d8-bd83-e49816706138}" showlabel="false" colspan="1" auto="false" rowspan="7" labelid="{efa4a276-3a9c-4677-8647-fdf33b99e6a4}">
                                <labels>
                                  <label description="Documents" languagecode="1033" />
                                </labels>
                                <control id="DocumentsSubGrid" classid="{E7A81278-8635-4d9e-8D4D-59480B391C5B}" indicationOfSubgrid="true" uniqueid="{9cd66b5c-8b7a-6433-c5a5-46a7245dd534}">
                                  <parameters>
                                    <ViewId>{0016F9F3-41CC-4276-9D11-04308D15858D}</ViewId>
                                    <IsUserView>false</IsUserView>
                                    <RelationshipName>Account_SharepointDocument</RelationshipName>
                                    <TargetEntityType>sharepointdocument</TargetEntityType>
                                    <AutoExpand>Fixed</AutoExpand>
                                    <EnableQuickFind>false</EnableQuickFind>
                                    <EnableViewPicker>true</EnableViewPicker>
                                    <ViewIds />
                                    <EnableJumpBar>false</EnableJumpBar>
                                    <ChartGridMode>Grid</ChartGridMode>
                                    <VisualizationId />
                                    <IsUserChart>false</IsUserChart>
                                    <EnableChartPicker>false</EnableChartPicker>
                                    <RecordsPerPage>10</RecordsPerPage>
                                  </parameters>
                                </control>
                              </cell>
                            </row>
                            <row />
                            <row />
                            <row />
                            <row />
                            <row />
                            <row />
                          </rows>
                        </section>
                      </sections>
                    </column>
                  </columns>
                </tab>
              </tabs>
              <events>
                <event name="onload" application="true" active="true">
                  <InternalHandlers>
                    <Handler functionName="AppCommon.Account.Instance.ra_onload" libraryName="AppCommon/Account/Account_main_system_library.js" handlerUniqueId="7927DD68-5AC5-4E9A-B39A-44F62467656A" enabled="true" />
                  </InternalHandlers>
                  <Handlers>
                    <Handler functionName="Sales.DocumentsTabController.shouldShowDocumentsTab" libraryName="Sales/ClientCommon/Sales_ClientCommon.js" handlerUniqueId="{CA3D9A4B-7A5C-4238-BAD6-5810FB05E86C}" enabled="true" parameters="" passExecutionContext="true" />
                  </Handlers>
                </event>
              </events>
              <header id="{d5a03552-1183-4347-a237-1f894ba449eb}" columns="111" celllabelposition="Top" labelwidth="115">
                <rows>
                  <row>
                    <cell id="{3d988b54-55ba-5778-5d0d-759dba40b6ea}" showlabel="false">
                      <labels>
                        <label description="" languagecode="1033" />
                      </labels>
                    </cell>
                    <cell id="{b865aaab-5aed-1a34-147a-72bedc77753a}" showlabel="true" locklevel="0">
                      <labels>
                        <label description="DUNS" languagecode="1033" />
                      </labels>
                      <control id="header_sbagcbd_accountduns" classid="{4273EDBD-AC1D-40d3-9FB2-095C621B552D}" datafieldname="sbagcbd_accountduns" disabled="false" />
                    </cell>
                    <cell id="{54b2d0a2-eb77-b3cd-b60a-03ea6944e98e}" showlabel="true" locklevel="1" labelid="{8ed622ac-2dc0-41e6-b82b-bae983a6ba25}">
                      <labels>
                        <label description="Owner" languagecode="1033" />
                      </labels>
                      <control id="header_ownerid" classid="{270BD3DB-D9AF-4782-9025-509E298DEC0A}" datafieldname="ownerid" />
                    </cell>
                  </row>
                </rows>
              </header>
              <clientresources>
                <internalresources>
                  <clientincludes>
                    <internaljscriptfile src="$webresource:AppCommon/Account/Account_main_system_library.js" />
                    <internaljscriptfile src="$webresource:Sales/ClientCommon/Sales_ClientCommon.js" />
                  </clientincludes>
                </internalresources>
              </clientresources>
              <Navigation>
                <NavBar>
                  <NavBarByRelationshipItem RelationshipName="account_customer_relationship_customer" Id="navRelationships" TitleResourceId="Left_Nav_Area_Relationships" Sequence="10" Area="Info" Show="false">
                    <Privileges>
                      <Privilege Entity="" Privilege="ReadActivity" />
                    </Privileges>
                    <Titles>
                      <Title LCID="1033" Text="CustomerRelationship" />
                      <Title LCID="1025" Text="CustomerRelationship" />
                      <Title LCID="1026" Text="CustomerRelationship" />
                      <Title LCID="1027" Text="CustomerRelationship" />
                      <Title LCID="1029" Text="CustomerRelationship" />
                      <Title LCID="1030" Text="CustomerRelationship" />
                      <Title LCID="1031" Text="CustomerRelationship" />
                      <Title LCID="1032" Text="CustomerRelationship" />
                      <Title LCID="3082" Text="CustomerRelationship" />
                      <Title LCID="1061" Text="CustomerRelationship" />
                      <Title LCID="1069" Text="CustomerRelationship" />
                      <Title LCID="1035" Text="CustomerRelationship" />
                      <Title LCID="1036" Text="CustomerRelationship" />
                      <Title LCID="1110" Text="CustomerRelationship" />
                      <Title LCID="1037" Text="CustomerRelationship" />
                      <Title LCID="1081" Text="CustomerRelationship" />
                      <Title LCID="1050" Text="CustomerRelationship" />
                      <Title LCID="1038" Text="CustomerRelationship" />
                      <Title LCID="1057" Text="CustomerRelationship" />
                      <Title LCID="1040" Text="CustomerRelationship" />
                      <Title LCID="1041" Text="CustomerRelationship" />
                      <Title LCID="1087" Text="CustomerRelationship" />
                      <Title LCID="1042" Text="CustomerRelationship" />
                      <Title LCID="1063" Text="CustomerRelationship" />
                      <Title LCID="1062" Text="CustomerRelationship" />
                      <Title LCID="1086" Text="CustomerRelationship" />
                      <Title LCID="1044" Text="CustomerRelationship" />
                      <Title LCID="1043" Text="CustomerRelationship" />
                      <Title LCID="1045" Text="CustomerRelationship" />
                      <Title LCID="1046" Text="CustomerRelationship" />
                      <Title LCID="2070" Text="CustomerRelationship" />
                      <Title LCID="1048" Text="CustomerRelationship" />
                      <Title LCID="1049" Text="CustomerRelationship" />
                      <Title LCID="1051" Text="CustomerRelationship" />
                      <Title LCID="1060" Text="CustomerRelationship" />
                      <Title LCID="10266" Text="CustomerRelationship" />
                      <Title LCID="9242" Text="CustomerRelationship" />
                      <Title LCID="1053" Text="CustomerRelationship" />
                      <Title LCID="1054" Text="CustomerRelationship" />
                      <Title LCID="1055" Text="CustomerRelationship" />
                      <Title LCID="1058" Text="CustomerRelationship" />
                      <Title LCID="1066" Text="CustomerRelationship" />
                      <Title LCID="2052" Text="CustomerRelationship" />
                      <Title LCID="3076" Text="CustomerRelationship" />
                      <Title LCID="1028" Text="CustomerRelationship" />
                    </Titles>
                  </NavBarByRelationshipItem>
                  <NavBarByRelationshipItem RelationshipName="Account_CustomerAddress" Id="navAddresses" Sequence="10" Area="Info" Show="false">
                    <Privileges>
                      <Privilege Entity="" Privilege="ReadActivity" />
                    </Privileges>
                    <Titles>
                      <Title LCID="1033" Text="Addresses" />
                      <Title LCID="1025" Text="العناوين" />
                      <Title LCID="1026" Text="Адреси" />
                      <Title LCID="1027" Text="Adreces" />
                      <Title LCID="1029" Text="Adresy" />
                      <Title LCID="1030" Text="Adresser" />
                      <Title LCID="1031" Text="Adressen" />
                      <Title LCID="1032" Text="Διευθύνσεις" />
                      <Title LCID="3082" Text="Direcciones" />
                      <Title LCID="1061" Text="Aadressid" />
                      <Title LCID="1069" Text="Helbideak" />
                      <Title LCID="1035" Text="Osoitteet" />
                      <Title LCID="1036" Text="Adresses" />
                      <Title LCID="1110" Text="Enderezos" />
                      <Title LCID="1037" Text="כתובות" />
                      <Title LCID="1081" Text="पते" />
                      <Title LCID="1050" Text="Adrese" />
                      <Title LCID="1038" Text="Címek" />
                      <Title LCID="1057" Text="Alamat" />
                      <Title LCID="1040" Text="Indirizzi" />
                      <Title LCID="1041" Text="住所" />
                      <Title LCID="1087" Text="Мекенжайлар" />
                      <Title LCID="1042" Text="주소" />
                      <Title LCID="1063" Text="Adresai" />
                      <Title LCID="1062" Text="Adreses" />
                      <Title LCID="1086" Text="Alamat" />
                      <Title LCID="1044" Text="Adresser" />
                      <Title LCID="1043" Text="Adressen" />
                      <Title LCID="1045" Text="Adresy" />
                      <Title LCID="1046" Text="Endereços" />
                      <Title LCID="2070" Text="Endereços" />
                      <Title LCID="1048" Text="Adrese" />
                      <Title LCID="1049" Text="Адреса" />
                      <Title LCID="1051" Text="Adresy" />
                      <Title LCID="1060" Text="Naslovi" />
                      <Title LCID="10266" Text="Адресе" />
                      <Title LCID="9242" Text="Adrese" />
                      <Title LCID="1053" Text="Adresser" />
                      <Title LCID="1054" Text="ที่อยู่" />
                      <Title LCID="1055" Text="Adresler" />
                      <Title LCID="1058" Text="Адреси" />
                      <Title LCID="1066" Text="Địa chỉ" />
                      <Title LCID="2052" Text="地址" />
                      <Title LCID="3076" Text="地址" />
                      <Title LCID="1028" Text="地址" />
                    </Titles>
                  </NavBarByRelationshipItem>
                  <NavBarByRelationshipItem RelationshipName="account_parent_account" Id="navSubAccts" TitleResourceId="Label_SubAccounts" Sequence="10" Area="Info" Show="false">
                    <Privileges>
                      <Privilege Entity="" Privilege="ReadActivity" />
                    </Privileges>
                    <Titles>
                      <Title LCID="1033" Text="Accounts" />
                      <Title LCID="1025" Text="الحسابات" />
                      <Title LCID="1026" Text="Акаунти" />
                      <Title LCID="1027" Text="Comptes" />
                      <Title LCID="1029" Text="Obchodní vztahy" />
                      <Title LCID="1030" Text="Firmaer" />
                      <Title LCID="1031" Text="Firmen" />
                      <Title LCID="1032" Text="Λογαριασμοί" />
                      <Title LCID="3082" Text="Cuentas" />
                      <Title LCID="1061" Text="Kontod" />
                      <Title LCID="1069" Text="Kontuak" />
                      <Title LCID="1035" Text="Asiakkaat" />
                      <Title LCID="1036" Text="Comptes" />
                      <Title LCID="1110" Text="Contas" />
                      <Title LCID="1037" Text="תיקי לקוחות" />
                      <Title LCID="1081" Text="खाते" />
                      <Title LCID="1050" Text="Kupci" />
                      <Title LCID="1038" Text="Partnerek" />
                      <Title LCID="1057" Text="Akun" />
                      <Title LCID="1040" Text="Account" />
                      <Title LCID="1041" Text="取引先企業" />
                      <Title LCID="1087" Text="Тіркелгілер" />
                      <Title LCID="1042" Text="거래처" />
                      <Title LCID="1063" Text="Klientai" />
                      <Title LCID="1062" Text="Uzņēmumi" />
                      <Title LCID="1086" Text="Akaun" />
                      <Title LCID="1044" Text="Forretningsforbindelser" />
                      <Title LCID="1043" Text="Accounts" />
                      <Title LCID="1045" Text="Klienci" />
                      <Title LCID="1046" Text="Contas" />
                      <Title LCID="2070" Text="Contas" />
                      <Title LCID="1048" Text="Conturi" />
                      <Title LCID="1049" Text="Организации" />
                      <Title LCID="1051" Text="Obchodné vzťahy" />
                      <Title LCID="1060" Text="Računi" />
                      <Title LCID="10266" Text="Пословни контакти" />
                      <Title LCID="9242" Text="Poslovni kontakti" />
                      <Title LCID="1053" Text="Konton" />
                      <Title LCID="1054" Text="บัญชี" />
                      <Title LCID="1055" Text="Firmalar" />
                      <Title LCID="1058" Text="Бізнес-партнери" />
                      <Title LCID="1066" Text="Khách hàng" />
                      <Title LCID="2052" Text="帐户" />
                      <Title LCID="3076" Text="客戶" />
                      <Title LCID="1028" Text="客戶" />
                    </Titles>
                  </NavBarByRelationshipItem>
                  <NavBarByRelationshipItem RelationshipName="contract_customer_accounts" Id="navContracts" TitleResourceId="Tab_Label_MoreContracts" Sequence="10" Area="Info" Show="false">
                    <Privileges>
                      <Privilege Entity="" Privilege="ReadActivity" />
                    </Privileges>
                    <Titles>
                      <Title LCID="1033" Text="Contract" />
                      <Title LCID="1025" Text="العقد" />
                      <Title LCID="1026" Text="Договор" />
                      <Title LCID="1027" Text="Contracte" />
                      <Title LCID="1029" Text="Smlouva" />
                      <Title LCID="1030" Text="Kontrakt" />
                      <Title LCID="1031" Text="Vertrag" />
                      <Title LCID="1032" Text="Σύμβαση" />
                      <Title LCID="3082" Text="Contrato" />
                      <Title LCID="1061" Text="Leping" />
                      <Title LCID="1069" Text="Kontratua" />
                      <Title LCID="1035" Text="Palvelusopimus" />
                      <Title LCID="1036" Text="Contrat" />
                      <Title LCID="1110" Text="Contrato" />
                      <Title LCID="1037" Text="חוזה" />
                      <Title LCID="1081" Text="संविदा" />
                      <Title LCID="1050" Text="Ugovor" />
                      <Title LCID="1038" Text="Szerződés" />
                      <Title LCID="1057" Text="Kontrak" />
                      <Title LCID="1040" Text="Contratto" />
                      <Title LCID="1041" Text="契約" />
                      <Title LCID="1087" Text="Келісім-шарт" />
                      <Title LCID="1042" Text="계약" />
                      <Title LCID="1063" Text="Sutartis" />
                      <Title LCID="1062" Text="Līgums" />
                      <Title LCID="1086" Text="Kontrak" />
                      <Title LCID="1044" Text="Kontrakt" />
                      <Title LCID="1043" Text="Contract" />
                      <Title LCID="1045" Text="Kontrakt" />
                      <Title LCID="1046" Text="Contrato" />
                      <Title LCID="2070" Text="Contrato" />
                      <Title LCID="1048" Text="Contract" />
                      <Title LCID="1049" Text="Контракт" />
                      <Title LCID="1051" Text="Zmluva" />
                      <Title LCID="1060" Text="Pogodba" />
                      <Title LCID="10266" Text="Уговор" />
                      <Title LCID="9242" Text="Ugovor" />
                      <Title LCID="1053" Text="Kontrakt" />
                      <Title LCID="1054" Text="สัญญา" />
                      <Title LCID="1055" Text="Sözleşme" />
                      <Title LCID="1058" Text="Сервісний договір" />
                      <Title LCID="1066" Text="Hợp đồng" />
                      <Title LCID="2052" Text="合同" />
                      <Title LCID="3076" Text="合約" />
                      <Title LCID="1028" Text="合約" />
                    </Titles>
                  </NavBarByRelationshipItem>
                  <NavBarByRelationshipItem RelationshipName="invoice_customer_accounts" Id="navInvoices" TitleResourceId="Tab_Label_MoreInvoices" Sequence="10" Area="Info" Show="false">
                    <Privileges>
                      <Privilege Entity="" Privilege="ReadActivity" />
                    </Privileges>
                    <Titles>
                      <Title LCID="1033" Text="Invoice" />
                      <Title LCID="1025" Text="الفاتورة" />
                      <Title LCID="1026" Text="Фактура" />
                      <Title LCID="1027" Text="Factura" />
                      <Title LCID="1029" Text="Faktura" />
                      <Title LCID="1030" Text="Faktura" />
                      <Title LCID="1031" Text="Rechnung" />
                      <Title LCID="1032" Text="Τιμολόγιο" />
                      <Title LCID="3082" Text="Factura" />
                      <Title LCID="1061" Text="Arve" />
                      <Title LCID="1069" Text="Faktura" />
                      <Title LCID="1035" Text="Lasku" />
                      <Title LCID="1036" Text="Facture" />
                      <Title LCID="1110" Text="Factura" />
                      <Title LCID="1037" Text="חשבונית" />
                      <Title LCID="1081" Text="इनवॉइस" />
                      <Title LCID="1050" Text="Faktura" />
                      <Title LCID="1038" Text="Számla" />
                      <Title LCID="1057" Text="Faktur" />
                      <Title LCID="1040" Text="Fattura" />
                      <Title LCID="1041" Text="請求書" />
                      <Title LCID="1087" Text="Есеп-шот" />
                      <Title LCID="1042" Text="송장" />
                      <Title LCID="1063" Text="Sąskaita faktūra" />
                      <Title LCID="1062" Text="Rēķins" />
                      <Title LCID="1086" Text="Invois" />
                      <Title LCID="1044" Text="Faktura" />
                      <Title LCID="1043" Text="Factuur" />
                      <Title LCID="1045" Text="Faktura" />
                      <Title LCID="1046" Text="Fatura" />
                      <Title LCID="2070" Text="Fatura" />
                      <Title LCID="1048" Text="Factură" />
                      <Title LCID="1049" Text="Счет" />
                      <Title LCID="1051" Text="Faktúra" />
                      <Title LCID="1060" Text="Račun" />
                      <Title LCID="10266" Text="Фактура" />
                      <Title LCID="9242" Text="Faktura" />
                      <Title LCID="1053" Text="Faktura" />
                      <Title LCID="1054" Text="ใบแจ้งหนี้" />
                      <Title LCID="1055" Text="Fatura" />
                      <Title LCID="1058" Text="Рахунок" />
                      <Title LCID="1066" Text="Hóa đơn" />
                      <Title LCID="2052" Text="发票" />
                      <Title LCID="3076" Text="發票" />
                      <Title LCID="1028" Text="發票" />
                    </Titles>
                  </NavBarByRelationshipItem>
                  <NavBarByRelationshipItem RelationshipName="order_customer_accounts" Id="navOrders" TitleResourceId="Tab_Label_MoreOrders" Sequence="10" Area="Info" Show="false">
                    <Privileges>
                      <Privilege Entity="" Privilege="ReadActivity" />
                    </Privileges>
                    <Titles>
                      <Title LCID="1033" Text="SalesOrder" />
                      <Title LCID="1025" Text="SalesOrder" />
                      <Title LCID="1026" Text="SalesOrder" />
                      <Title LCID="1027" Text="SalesOrder" />
                      <Title LCID="1029" Text="SalesOrder" />
                      <Title LCID="1030" Text="SalesOrder" />
                      <Title LCID="1031" Text="SalesOrder" />
                      <Title LCID="1032" Text="SalesOrder" />
                      <Title LCID="3082" Text="SalesOrder" />
                      <Title LCID="1061" Text="SalesOrder" />
                      <Title LCID="1069" Text="SalesOrder" />
                      <Title LCID="1035" Text="SalesOrder" />
                      <Title LCID="1036" Text="SalesOrder" />
                      <Title LCID="1110" Text="SalesOrder" />
                      <Title LCID="1037" Text="SalesOrder" />
                      <Title LCID="1081" Text="SalesOrder" />
                      <Title LCID="1050" Text="SalesOrder" />
                      <Title LCID="1038" Text="SalesOrder" />
                      <Title LCID="1057" Text="SalesOrder" />
                      <Title LCID="1040" Text="SalesOrder" />
                      <Title LCID="1041" Text="SalesOrder" />
                      <Title LCID="1087" Text="SalesOrder" />
                      <Title LCID="1042" Text="SalesOrder" />
                      <Title LCID="1063" Text="SalesOrder" />
                      <Title LCID="1062" Text="SalesOrder" />
                      <Title LCID="1086" Text="SalesOrder" />
                      <Title LCID="1044" Text="SalesOrder" />
                      <Title LCID="1043" Text="SalesOrder" />
                      <Title LCID="1045" Text="SalesOrder" />
                      <Title LCID="1046" Text="SalesOrder" />
                      <Title LCID="2070" Text="SalesOrder" />
                      <Title LCID="1048" Text="SalesOrder" />
                      <Title LCID="1049" Text="SalesOrder" />
                      <Title LCID="1051" Text="SalesOrder" />
                      <Title LCID="1060" Text="SalesOrder" />
                      <Title LCID="10266" Text="SalesOrder" />
                      <Title LCID="9242" Text="SalesOrder" />
                      <Title LCID="1053" Text="SalesOrder" />
                      <Title LCID="1054" Text="SalesOrder" />
                      <Title LCID="1055" Text="SalesOrder" />
                      <Title LCID="1058" Text="SalesOrder" />
                      <Title LCID="1066" Text="SalesOrder" />
                      <Title LCID="2052" Text="SalesOrder" />
                      <Title LCID="3076" Text="SalesOrder" />
                      <Title LCID="1028" Text="SalesOrder" />
                    </Titles>
                  </NavBarByRelationshipItem>
                  <NavBarByRelationshipItem RelationshipName="quote_customer_accounts" Id="navQuotes" TitleResourceId="Tab_Label_MoreQuotes" Sequence="10" Area="Info" Show="false">
                    <Privileges>
                      <Privilege Entity="" Privilege="ReadActivity" />
                    </Privileges>
                    <Titles>
                      <Title LCID="1033" Text="Quote" />
                      <Title LCID="1025" Text="عرض الأسعار" />
                      <Title LCID="1026" Text="Оферта" />
                      <Title LCID="1027" Text="Oferta" />
                      <Title LCID="1029" Text="Nabídka" />
                      <Title LCID="1030" Text="Tilbud" />
                      <Title LCID="1031" Text="Angebot" />
                      <Title LCID="1032" Text="Προσφορά" />
                      <Title LCID="3082" Text="Oferta" />
                      <Title LCID="1061" Text="Hinnapakkumine" />
                      <Title LCID="1069" Text="Eskaintza" />
                      <Title LCID="1035" Text="Tarjous" />
                      <Title LCID="1036" Text="Devis" />
                      <Title LCID="1110" Text="Oferta" />
                      <Title LCID="1037" Text="הצעת מחיר" />
                      <Title LCID="1081" Text="कोट" />
                      <Title LCID="1050" Text="Ponuda" />
                      <Title LCID="1038" Text="Árajánlat" />
                      <Title LCID="1057" Text="Kuotasi" />
                      <Title LCID="1040" Text="Offerta" />
                      <Title LCID="1041" Text="見積もり" />
                      <Title LCID="1087" Text="Баға ұсыну" />
                      <Title LCID="1042" Text="견적" />
                      <Title LCID="1063" Text="Pasiūlymas" />
                      <Title LCID="1062" Text="Piedāvājums" />
                      <Title LCID="1086" Text="Sebut Harga" />
                      <Title LCID="1044" Text="Tilbud" />
                      <Title LCID="1043" Text="Prijsopgave" />
                      <Title LCID="1045" Text="Oferta" />
                      <Title LCID="1046" Text="Cotação" />
                      <Title LCID="2070" Text="Proposta" />
                      <Title LCID="1048" Text="Ofertă" />
                      <Title LCID="1049" Text="Предложение с расценками" />
                      <Title LCID="1051" Text="Cenová ponuka" />
                      <Title LCID="1060" Text="Ponudba" />
                      <Title LCID="10266" Text="Понуда" />
                      <Title LCID="9242" Text="Ponuda" />
                      <Title LCID="1053" Text="Offert" />
                      <Title LCID="1054" Text="ใบเสนอราคา" />
                      <Title LCID="1055" Text="Teklif" />
                      <Title LCID="1058" Text="Цінова пропозиція" />
                      <Title LCID="1066" Text="Báo giá" />
                      <Title LCID="2052" Text="报价单" />
                      <Title LCID="3076" Text="報價" />
                      <Title LCID="1028" Text="報價" />
                    </Titles>
                  </NavBarByRelationshipItem>
                  <NavBarByRelationshipItem RelationshipName="hardcoded_{B7196B13-6B9D-42CD-BD58-B19A3953126F}navCampaignsInSFA" Sequence="20" Area="Marketing" Id="navCampaignsInSFA" Show="false">
                    <Titles>
                      <Title LCID="1033" Text="Campaigns" />
                      <Title LCID="1025" Text="الحملات" />
                      <Title LCID="1026" Text="Кампании" />
                      <Title LCID="1027" Text="Campanyes" />
                      <Title LCID="1029" Text="Kampaně" />
                      <Title LCID="1030" Text="Kampagner" />
                      <Title LCID="1031" Text="Kampagnen" />
                      <Title LCID="1032" Text="Εκστρατείες" />
                      <Title LCID="3082" Text="Campañas" />
                      <Title LCID="1061" Text="Kampaaniad" />
                      <Title LCID="1069" Text="Kanpainak" />
                      <Title LCID="1035" Text="Kampanjat" />
                      <Title LCID="1036" Text="Campagnes" />
                      <Title LCID="1110" Text="Campañas" />
                      <Title LCID="1037" Text="קמפיינים" />
                      <Title LCID="1081" Text="अभियान" />
                      <Title LCID="1050" Text="Kampanje" />
                      <Title LCID="1038" Text="Kampányok" />
                      <Title LCID="1057" Text="Kampanye" />
                      <Title LCID="1040" Text="Campagne" />
                      <Title LCID="1041" Text="キャンペーン" />
                      <Title LCID="1087" Text="Науқандар" />
                      <Title LCID="1042" Text="캠페인" />
                      <Title LCID="1063" Text="Kampanijos" />
                      <Title LCID="1062" Text="Kampaņas" />
                      <Title LCID="1086" Text="Kempen" />
                      <Title LCID="1044" Text="Kampanjer" />
                      <Title LCID="1043" Text="Campagnes" />
                      <Title LCID="1045" Text="Kampanie" />
                      <Title LCID="1046" Text="Campanhas" />
                      <Title LCID="2070" Text="Campanhas" />
                      <Title LCID="1048" Text="Campanii" />
                      <Title LCID="1049" Text="Кампании" />
                      <Title LCID="1051" Text="Kampane" />
                      <Title LCID="1060" Text="Akcije" />
                      <Title LCID="10266" Text="Кампање" />
                      <Title LCID="9242" Text="Kampanje" />
                      <Title LCID="1053" Text="Kampanjer" />
                      <Title LCID="1054" Text="การส่งเสริมการขาย" />
                      <Title LCID="1055" Text="Kampanyalar" />
                      <Title LCID="1058" Text="Кампанії" />
                      <Title LCID="1066" Text="Chiến dịch" />
                      <Title LCID="2052" Text="市场活动" />
                      <Title LCID="3076" Text="行銷活動" />
                      <Title LCID="1028" Text="行銷活動" />
                    </Titles>
                  </NavBarByRelationshipItem>
                  <NavBarByRelationshipItem RelationshipName="hardcoded_{B7196B13-6B9D-42CD-BD58-B19A3953126F}navAsyncOperations" Sequence="9500" Area="ProcessCenter" Id="navAsyncOperations" Show="false">
                    <Titles>
                      <Title LCID="1033" Text="Workflows" />
                      <Title LCID="1025" Text="عمليات سير العمل" />
                      <Title LCID="1026" Text="Работни потоци" />
                      <Title LCID="1027" Text="Fluxos de treball" />
                      <Title LCID="1029" Text="Pracovní postupy" />
                      <Title LCID="1030" Text="Arbejdsprocesser" />
                      <Title LCID="1031" Text="Workflows" />
                      <Title LCID="1032" Text="Ροές εργασιών" />
                      <Title LCID="3082" Text="Flujos de trabajo" />
                      <Title LCID="1061" Text="Töövood" />
                      <Title LCID="1069" Text="Lan-fluxuak" />
                      <Title LCID="1035" Text="Työnkulut" />
                      <Title LCID="1036" Text="Workflows" />
                      <Title LCID="1110" Text="Fluxos de traballo" />
                      <Title LCID="1037" Text="זרימות עבודה" />
                      <Title LCID="1081" Text="कार्य प्रवाह" />
                      <Title LCID="1050" Text="Tjekovi rada" />
                      <Title LCID="1038" Text="Munkafolyamatok" />
                      <Title LCID="1057" Text="Alur Kerja" />
                      <Title LCID="1040" Text="Flussi di lavoro" />
                      <Title LCID="1041" Text="ワークフロー" />
                      <Title LCID="1087" Text="Жұмыс ағындары" />
                      <Title LCID="1042" Text="워크플로" />
                      <Title LCID="1063" Text="Darbo eigos" />
                      <Title LCID="1062" Text="Darbplūsmas" />
                      <Title LCID="1086" Text="Aliran Kerja" />
                      <Title LCID="1044" Text="Arbeidsflyter" />
                      <Title LCID="1043" Text="Werkstromen" />
                      <Title LCID="1045" Text="Przepływy pracy" />
                      <Title LCID="1046" Text="Fluxos de Trabalho" />
                      <Title LCID="2070" Text="Fluxos de Trabalho" />
                      <Title LCID="1048" Text="Fluxuri de lucru" />
                      <Title LCID="1049" Text="Бизнес-процессы" />
                      <Title LCID="1051" Text="Pracovné postupy" />
                      <Title LCID="1060" Text="Poteki dela" />
                      <Title LCID="10266" Text="Токови посла" />
                      <Title LCID="9242" Text="Tokovi posla" />
                      <Title LCID="1053" Text="Arbetsflöden" />
                      <Title LCID="1054" Text="เวิร์กโฟลว์" />
                      <Title LCID="1055" Text="İş Akışları" />
                      <Title LCID="1058" Text="Робочі цикли" />
                      <Title LCID="1066" Text="Quy trình làm việc" />
                      <Title LCID="2052" Text="工作流" />
                      <Title LCID="3076" Text="工作流程" />
                      <Title LCID="1028" Text="工作流程" />
                    </Titles>
                  </NavBarByRelationshipItem>
                  <NavBarByRelationshipItem RelationshipName="hardcoded_{B7196B13-6B9D-42CD-BD58-B19A3953126F}navProcessSessions" Sequence="9700" Area="ProcessCenter" Id="navProcessSessions" Show="false">
                    <Titles>
                      <Title LCID="1033" Text="Dialog Sessions" />
                      <Title LCID="1025" Text="جلسات عمل الحوار" />
                      <Title LCID="1026" Text="Диалогови сесии" />
                      <Title LCID="1027" Text="Sessions del diàleg" />
                      <Title LCID="1029" Text="Relace dialogů" />
                      <Title LCID="1030" Text="Dialogsessioner" />
                      <Title LCID="1031" Text="Dialogsitzungen" />
                      <Title LCID="1032" Text="Περίοδοι λειτουργίας παραθύρου διαλόγου" />
                      <Title LCID="3082" Text="Sesiones de diálogo" />
                      <Title LCID="1061" Text="Dialoogiseansid" />
                      <Title LCID="1069" Text="Elkarrizketa-saioak" />
                      <Title LCID="1035" Text="Dialogi-istunnot" />
                      <Title LCID="1036" Text="Sessions de dialogue" />
                      <Title LCID="1110" Text="Sesións de diálogo" />
                      <Title LCID="1037" Text="הפעלות דו-שיח" />
                      <Title LCID="1081" Text="संवाद सत्र" />
                      <Title LCID="1050" Text="Sesije dijaloga" />
                      <Title LCID="1038" Text="Párbeszéd-munkamenetek" />
                      <Title LCID="1057" Text="Sesi Dialog" />
                      <Title LCID="1040" Text="Sessioni di interazione" />
                      <Title LCID="1041" Text="ダイアログ セッション" />
                      <Title LCID="1087" Text="Диалог сеанстары" />
                      <Title LCID="1042" Text="대화 세션" />
                      <Title LCID="1063" Text="Dialogo seansai" />
                      <Title LCID="1062" Text="Dialogu sesijas" />
                      <Title LCID="1086" Text="Sesi Dialog" />
                      <Title LCID="1044" Text="Dialogøkter" />
                      <Title LCID="1043" Text="Dialoogvenstersessies" />
                      <Title LCID="1045" Text="Sesje dialogowe" />
                      <Title LCID="1046" Text="Sessões de Diálogo" />
                      <Title LCID="2070" Text="Sessões de Diálogo" />
                      <Title LCID="1048" Text="Sesiuni de dialog" />
                      <Title LCID="1049" Text="Сеансы диалогового окна" />
                      <Title LCID="1051" Text="Relácie dialógového okna" />
                      <Title LCID="1060" Text="Seje dialoga" />
                      <Title LCID="10266" Text="Сесије дијалога" />
                      <Title LCID="9242" Text="Sesije dijaloga" />
                      <Title LCID="1053" Text="Dialogsessioner" />
                      <Title LCID="1054" Text="เซสชันของกล่องโต้ตอบ" />
                      <Title LCID="1055" Text="Diyalog Oturumları" />
                      <Title LCID="1058" Text="Сеанси діалогу" />
                      <Title LCID="1066" Text="Phiên hộp thoại" />
                      <Title LCID="2052" Text="对话会话" />
                      <Title LCID="3076" Text="對話方塊工作階段" />
                      <Title LCID="1028" Text="對話方塊工作階段" />
                    </Titles>
                  </NavBarByRelationshipItem>
                </NavBar>
                <NavBarAreas>
                  <NavBarArea Id="Info">
                    <Titles>
                      <Title LCID="1033" Text="Common" />
                    </Titles>
                  </NavBarArea>
                  <NavBarArea Id="Sales">
                    <Titles>
                      <Title LCID="1033" Text="Sales" />
                    </Titles>
                  </NavBarArea>
                  <NavBarArea Id="Service">
                    <Titles>
                      <Title LCID="1033" Text="Service" />
                    </Titles>
                  </NavBarArea>
                  <NavBarArea Id="Marketing">
                    <Titles>
                      <Title LCID="1033" Text="Marketing" />
                    </Titles>
                  </NavBarArea>
                  <NavBarArea Id="ProcessCenter">
                    <Titles>
                      <Title LCID="1033" Text="Process Sessions" />
                    </Titles>
                  </NavBarArea>
                </NavBarAreas>
              </Navigation>
              <controlDescriptions>
                <controlDescription forControl="{3ff9a528-dd50-4aca-8f10-2e5ed73513ad}">
                  <customControl formFactor="2" name="MscrmControls.CardFeedContainer.CardFeedContainer">
                    <parameters>
                      <data-set name="SubGrid">
                        <ViewId>{92AFD454-0F2E-4397-A1C8-05E37C6AD699}</ViewId>
                        <IsUserView>false</IsUserView>
                        <TargetEntityType>actioncard</TargetEntityType>
                        <FilteredViewIds>{92AFD454-0F2E-4397-A1C8-05E37C6AfD699}</FilteredViewIds>
                        <EnableViewPicker>false</EnableViewPicker>
                      </data-set>
                      <EntityTypeCode static="true" type="Decimal">1</EntityTypeCode>
                      <Location static="true" type="Decimal">1</Location>
                      <msinternal.isvisibleinmocaonly static="true">true</msinternal.isvisibleinmocaonly>
                    </parameters>
                  </customControl>
                  <customControl formFactor="0" name="MscrmControls.CardFeedContainer.CardFeedContainer">
                    <parameters>
                      <data-set name="SubGrid">
                        <ViewId>{92AFD454-0F2E-4397-A1C8-05E37C6AD699}</ViewId>
                        <IsUserView>false</IsUserView>
                        <TargetEntityType>actioncard</TargetEntityType>
                        <FilteredViewIds>{92AFD454-0F2E-4397-A1C8-05E37C6AfD699}</FilteredViewIds>
                        <EnableViewPicker>false</EnableViewPicker>
                      </data-set>
                      <EntityTypeCode static="true" type="Decimal">1</EntityTypeCode>
                      <Location static="true" type="Decimal">1</Location>
                      <msinternal.isvisibleinmocaonly static="true">true</msinternal.isvisibleinmocaonly>
                    </parameters>
                  </customControl>
                  <customControl formFactor="1" name="MscrmControls.CardFeedContainer.CardFeedContainer">
                    <parameters>
                      <data-set name="SubGrid">
                        <ViewId>{92AFD454-0F2E-4397-A1C8-05E37C6AD699}</ViewId>
                        <IsUserView>false</IsUserView>
                        <TargetEntityType>actioncard</TargetEntityType>
                        <FilteredViewIds>{92AFD454-0F2E-4397-A1C8-05E37C6AfD699}</FilteredViewIds>
                        <EnableViewPicker>false</EnableViewPicker>
                      </data-set>
                      <EntityTypeCode static="true" type="Decimal">1</EntityTypeCode>
                      <Location static="true" type="Decimal">1</Location>
                      <msinternal.isvisibleinmocaonly static="true">true</msinternal.isvisibleinmocaonly>
                    </parameters>
                  </customControl>
                </controlDescription>
              </controlDescriptions>
              <footer id="{b6cae992-a44a-4c10-88bf-b18d81fa8a45}" celllabelposition="Top" columns="111" labelwidth="115" celllabelalignment="Left">
                <rows>
                  <row>
                    <cell id="{6d1123a0-e49c-4ba8-91be-ee182e4e93b1}" showlabel="false" labelid="{a965807c-cedd-48ab-ab6a-ae351bcfeeff}">
                      <labels>
                        <label description="" languagecode="1033" />
                      </labels>
                    </cell>
                    <cell id="{3c12618d-aa29-4e3b-8403-98b04db86c01}" showlabel="false" labelid="{7175fa8d-c2c8-4d9b-8628-88d280cf8eb7}">
                      <labels>
                        <label description="" languagecode="1033" />
                      </labels>
                    </cell>
                    <cell id="{e624110f-6a80-4832-ad49-5e552d451b6d}" showlabel="false" labelid="{7d8575fd-05e2-452c-a374-8aca216b3ef5}">
                      <labels>
                        <label description="" languagecode="1033" />
                      </labels>
                    </cell>
                  </row>
                </rows>
              </footer>
              <DisplayConditions FallbackForm="true" Order="1">
                <Everyone />
              </DisplayConditions>
            </form>
            <IsCustomizable>1</IsCustomizable>
            <CanBeDeleted>1</CanBeDeleted>
            <LocalizedNames>
              <LocalizedName description="Certify MDA - Account" languagecode="1033" />
            </LocalizedNames>
            <Descriptions>
              <Description description="Updated default Account form." languagecode="1033" />
            </Descriptions>
          </systemform>
        </forms>
      </FormXml>
      <RibbonDiffXml>
        <CustomActions />
        <Templates>
          <RibbonTemplates Id="Mscrm.Templates"></RibbonTemplates>
        </Templates>
        <CommandDefinitions />
        <RuleDefinitions>
          <TabDisplayRules />
          <DisplayRules />
          <EnableRules />
        </RuleDefinitions>
        <LocLabels />
      </RibbonDiffXml>
    </Entity>
  </Entities>
  <Roles></Roles>
  <Workflows></Workflows>
  <FieldSecurityProfiles></FieldSecurityProfiles>
  <Templates />
  <EntityMaps />
  <EntityRelationships />
  <OrganizationSettings />
  <optionsets>
    <optionset Name="sbagcbd_businesstypes" localizedName="Business Types">
      <OptionSetType>picklist</OptionSetType>
      <IsGlobal>1</IsGlobal>
      <IntroducedVersion>1.0.0.0</IntroducedVersion>
      <IsCustomizable>1</IsCustomizable>
      <ExternalTypeName></ExternalTypeName>
      <displaynames>
        <displayname description="Business Types" languagecode="1033" />
      </displaynames>
      <Descriptions>
        <Description description="" languagecode="1033" />
      </Descriptions>
      <options>
        <option value="517220003" ExternalValue="" Color="#0000ff">
          <labels>
            <label description="Corporation/S-Corporation" languagecode="1033" />
          </labels>
          <Descriptions>
            <Description description="" languagecode="1033" />
          </Descriptions>
        </option>
        <option value="517220000" ExternalValue="" Color="#0000ff">
          <labels>
            <label description="LLC" languagecode="1033" />
          </labels>
          <Descriptions>
            <Description description="" languagecode="1033" />
          </Descriptions>
        </option>
        <option value="517220001" ExternalValue="" Color="#0000ff">
          <labels>
            <label description="Partnership" languagecode="1033" />
          </labels>
          <Descriptions>
            <Description description="" languagecode="1033" />
          </Descriptions>
        </option>
        <option value="517220002" ExternalValue="" Color="#0000ff">
          <labels>
            <label description="Sole Proprietorship" languagecode="1033" />
          </labels>
          <Descriptions>
            <Description description="" languagecode="1033" />
          </Descriptions>
        </option>
      </options>
    </optionset>
  </optionsets>
  <CustomControls />
  <EntityDataProviders />
  <Languages>
    <Language>1033</Language>
  </Languages>
</ImportExportXml>