<ImportExportXml version="9.1.0.19867" SolutionPackageVersion="9.1" languagecode="1033" generatedBy="CrmLive" xmlns:xsi="http://www.w3.org/2001/XMLSchema-instance">
  <SolutionManifest>
    <UniqueName>Certify_Patch_aafe327c</UniqueName>
    <LocalizedNames>
      <LocalizedName description="Bug 14427 BR" languagecode="1033" />
    </LocalizedNames>
    <Descriptions>
      <Description description="Patch for Certify" languagecode="1033" />
    </Descriptions>
    <ParentUniqueName>Certify</ParentUniqueName>
    <Version>1.7.23.1</Version>
    <Managed>0</Managed>
    <Publisher>
      <UniqueName>sbagcbd</UniqueName>
      <LocalizedNames>
        <LocalizedName description="SBA GCBD" languagecode="1033" />
      </LocalizedNames>
      <Descriptions />
      <EMailAddress>Stephen.Perry@sba.gov</EMailAddress>
      <SupportingWebsiteUrl xsi:nil="true"></SupportingWebsiteUrl>
      <CustomizationPrefix>sbagcbd</CustomizationPrefix>
      <CustomizationOptionValuePrefix>51722</CustomizationOptionValuePrefix>
      <Addresses>
        <Address>
          <AddressNumber>1</AddressNumber>
          <AddressTypeCode>1</AddressTypeCode>
          <City xsi:nil="true"></City>
          <County xsi:nil="true"></County>
          <Country xsi:nil="true"></Country>
          <Fax xsi:nil="true"></Fax>
          <FreightTermsCode xsi:nil="true"></FreightTermsCode>
          <ImportSequenceNumber xsi:nil="true"></ImportSequenceNumber>
          <Latitude xsi:nil="true"></Latitude>
          <Line1 xsi:nil="true"></Line1>
          <Line2 xsi:nil="true"></Line2>
          <Line3 xsi:nil="true"></Line3>
          <Longitude xsi:nil="true"></Longitude>
          <Name xsi:nil="true"></Name>
          <PostalCode xsi:nil="true"></PostalCode>
          <PostOfficeBox xsi:nil="true"></PostOfficeBox>
          <PrimaryContactName xsi:nil="true"></PrimaryContactName>
          <ShippingMethodCode>1</ShippingMethodCode>
          <StateOrProvince xsi:nil="true"></StateOrProvince>
          <Telephone1 xsi:nil="true"></Telephone1>
          <Telephone2 xsi:nil="true"></Telephone2>
          <Telephone3 xsi:nil="true"></Telephone3>
          <TimeZoneRuleVersionNumber xsi:nil="true"></TimeZoneRuleVersionNumber>
          <UPSZone xsi:nil="true"></UPSZone>
          <UTCOffset xsi:nil="true"></UTCOffset>
          <UTCConversionTimeZoneCode xsi:nil="true"></UTCConversionTimeZoneCode>
        </Address>
        <Address>
          <AddressNumber>2</AddressNumber>
          <AddressTypeCode>1</AddressTypeCode>
          <City xsi:nil="true"></City>
          <County xsi:nil="true"></County>
          <Country xsi:nil="true"></Country>
          <Fax xsi:nil="true"></Fax>
          <FreightTermsCode xsi:nil="true"></FreightTermsCode>
          <ImportSequenceNumber xsi:nil="true"></ImportSequenceNumber>
          <Latitude xsi:nil="true"></Latitude>
          <Line1 xsi:nil="true"></Line1>
          <Line2 xsi:nil="true"></Line2>
          <Line3 xsi:nil="true"></Line3>
          <Longitude xsi:nil="true"></Longitude>
          <Name xsi:nil="true"></Name>
          <PostalCode xsi:nil="true"></PostalCode>
          <PostOfficeBox xsi:nil="true"></PostOfficeBox>
          <PrimaryContactName xsi:nil="true"></PrimaryContactName>
          <ShippingMethodCode>1</ShippingMethodCode>
          <StateOrProvince xsi:nil="true"></StateOrProvince>
          <Telephone1 xsi:nil="true"></Telephone1>
          <Telephone2 xsi:nil="true"></Telephone2>
          <Telephone3 xsi:nil="true"></Telephone3>
          <TimeZoneRuleVersionNumber xsi:nil="true"></TimeZoneRuleVersionNumber>
          <UPSZone xsi:nil="true"></UPSZone>
          <UTCOffset xsi:nil="true"></UTCOffset>
          <UTCConversionTimeZoneCode xsi:nil="true"></UTCConversionTimeZoneCode>
        </Address>
      </Addresses>
    </Publisher>
    <RootComponents>
      <RootComponent type="1" schemaName="sbagcbd_review" behavior="1" />
      <RootComponent type="9" schemaName="sbagcbd_decertificationprogramdirectoractions" behavior="0" />
      <RootComponent type="9" schemaName="sbagcbd_decertificationrecommendations" behavior="0" />
      <RootComponent type="9" schemaName="sbagcbd_decertificationteamleadactions" behavior="0" />
      <RootComponent type="9" schemaName="sbagcbd_examinationofaconcernreasons" behavior="0" />
      <RootComponent type="9" schemaName="sbagcbd_materialchangetype" behavior="0" />
      <RootComponent type="9" schemaName="sbagcbd_reviewstatus" behavior="0" />
      <RootComponent type="29" id="{2e562e3b-5d94-ea11-a811-001dd8309c75}" behavior="0" />
      <RootComponent type="29" id="{332274b6-ebb5-44a5-8688-f3a490e4edfd}" behavior="0" />
      <RootComponent type="29" id="{730359b7-9ba6-ea11-a811-001dd8309b4f}" behavior="0" />
      <RootComponent type="29" id="{b6b00479-6f49-44eb-80b2-08928af909b3}" behavior="0" />
      <RootComponent type="29" id="{f7365487-9ba6-ea11-a811-001dd8309b4f}" behavior="0" />
      <RootComponent type="29" id="{fd4daef4-639f-ea11-a811-001dd8309b4f}" behavior="0" />
      <RootComponent type="60" id="{7f00206f-2638-4c8a-b7a2-aad9dbdcce77}" />
      <RootComponent type="61" schemaName="sbagcbd_reviewLibrary.js" behavior="0" />
      <RootComponent type="61" schemaName="sbagcbd_testSample" behavior="0" />
    </RootComponents>
    <MissingDependencies>
      <MissingDependency>
        <Required key="0" type="1" schemaName="sbagcbd_uploadeddocument" displayName="Uploaded Document" solution="Active" />
        <Dependent key="1" type="60" displayName="Flagged Question Review" parentDisplayName="Review" id="{7f00206f-2638-4c8a-b7a2-aad9dbdcce77}" />
      </MissingDependency>
      <MissingDependency>
        <Required key="2" type="1" schemaName="sbagcbd_individualcontributorssection" displayName="Individual Contributors Section" solution="Active" />
        <Dependent key="1" type="60" displayName="Flagged Question Review" parentDisplayName="Review" id="{7f00206f-2638-4c8a-b7a2-aad9dbdcce77}" />
      </MissingDependency>
      <MissingDependency>
        <Required key="3" type="1" schemaName="sbagcbd_section" displayName="Section" solution="Active" />
        <Dependent key="1" type="60" displayName="Flagged Question Review" parentDisplayName="Review" id="{7f00206f-2638-4c8a-b7a2-aad9dbdcce77}" />
      </MissingDependency>
      <MissingDependency>
        <Required key="4" type="1" schemaName="incident" displayName="Case" solution="msdynce_Service (9.0.5.56)" />
        <Dependent key="1" type="60" displayName="Flagged Question Review" parentDisplayName="Review" id="{7f00206f-2638-4c8a-b7a2-aad9dbdcce77}" />
      </MissingDependency>
      <MissingDependency>
        <Required key="5" type="1" schemaName="sbagcbd_casecard" displayName="Case Card" solution="Active" />
        <Dependent key="1" type="60" displayName="Flagged Question Review" parentDisplayName="Review" id="{7f00206f-2638-4c8a-b7a2-aad9dbdcce77}" />
      </MissingDependency>
      <MissingDependency>
        <Required key="6" type="2" schemaName="sbagcbd_externalnotes" displayName="External Notes" parentSchemaName="sbagcbd_review" parentDisplayName="Review" solution="Active" />
        <Dependent key="1" type="60" displayName="Flagged Question Review" parentDisplayName="Review" id="{7f00206f-2638-4c8a-b7a2-aad9dbdcce77}" />
      </MissingDependency>
      <MissingDependency>
        <Required key="7" type="2" schemaName="sbagcbd_individualcontributor" displayName="Individual Contributor" parentSchemaName="sbagcbd_review" parentDisplayName="Review" solution="Active" />
        <Dependent key="1" type="60" displayName="Flagged Question Review" parentDisplayName="Review" id="{7f00206f-2638-4c8a-b7a2-aad9dbdcce77}" />
      </MissingDependency>
      <MissingDependency>
        <Required key="8" type="2" schemaName="sbagcbd_individualcontributorsubsection" displayName="Individual Contributor Subsection" parentSchemaName="sbagcbd_review" parentDisplayName="Review" solution="Active" />
        <Dependent key="1" type="60" displayName="Flagged Question Review" parentDisplayName="Review" id="{7f00206f-2638-4c8a-b7a2-aad9dbdcce77}" />
      </MissingDependency>
      <MissingDependency>
        <Required key="9" type="2" schemaName="sbagcbd_primarypurposeofreviewtext" displayName="Primary Purpose of Review (other)" parentSchemaName="sbagcbd_review" parentDisplayName="Review" solution="Active" />
        <Dependent key="1" type="60" displayName="Flagged Question Review" parentDisplayName="Review" id="{7f00206f-2638-4c8a-b7a2-aad9dbdcce77}" />
      </MissingDependency>
      <MissingDependency>
        <Required key="10" type="2" schemaName="description" displayName="SBA Notes" parentSchemaName="sbagcbd_review" parentDisplayName="Review" solution="Active" />
        <Dependent key="1" type="60" displayName="Flagged Question Review" parentDisplayName="Review" id="{7f00206f-2638-4c8a-b7a2-aad9dbdcce77}" />
      </MissingDependency>
      <MissingDependency>
        <Required key="11" type="2" schemaName="regardingobjectid" displayName="Case" parentSchemaName="sbagcbd_review" parentDisplayName="Review" solution="Active" />
        <Dependent key="1" type="60" displayName="Flagged Question Review" parentDisplayName="Review" id="{7f00206f-2638-4c8a-b7a2-aad9dbdcce77}" />
      </MissingDependency>
      <MissingDependency>
        <Required key="12" type="2" schemaName="statecode" displayName="Activity Status" parentSchemaName="sbagcbd_review" parentDisplayName="Review" solution="Active" />
        <Dependent key="1" type="60" displayName="Flagged Question Review" parentDisplayName="Review" id="{7f00206f-2638-4c8a-b7a2-aad9dbdcce77}" />
      </MissingDependency>
      <MissingDependency>
        <Required key="13" type="2" schemaName="sbagcbd_rfiduedateextensionreason" displayName="RFI Due Date Extension Reason" parentSchemaName="sbagcbd_review" parentDisplayName="Review" solution="Active" />
        <Dependent key="1" type="60" displayName="Flagged Question Review" parentDisplayName="Review" id="{7f00206f-2638-4c8a-b7a2-aad9dbdcce77}" />
      </MissingDependency>
      <MissingDependency>
        <Required key="14" type="2" schemaName="subject" displayName="Subject" parentSchemaName="sbagcbd_review" parentDisplayName="Review" solution="Active" />
        <Dependent key="1" type="60" displayName="Flagged Question Review" parentDisplayName="Review" id="{7f00206f-2638-4c8a-b7a2-aad9dbdcce77}" />
      </MissingDependency>
      <MissingDependency>
        <Required key="15" type="2" schemaName="sbagcbd_basisofcalculation" displayName="Basis of Calculation" parentSchemaName="sbagcbd_review" parentDisplayName="Review" solution="Active" />
        <Dependent key="1" type="60" displayName="Flagged Question Review" parentDisplayName="Review" id="{7f00206f-2638-4c8a-b7a2-aad9dbdcce77}" />
      </MissingDependency>
      <MissingDependency>
        <Required key="16" type="2" schemaName="sbagcbd_individualcontribsection" displayName="Individual Contrib Section" parentSchemaName="sbagcbd_review" parentDisplayName="Review" solution="Active" />
        <Dependent key="1" type="60" displayName="Flagged Question Review" parentDisplayName="Review" id="{7f00206f-2638-4c8a-b7a2-aad9dbdcce77}" />
      </MissingDependency>
      <MissingDependency>
        <Required key="17" type="2" schemaName="sbagcbd_questionreference" displayName="Question Reference" parentSchemaName="sbagcbd_review" parentDisplayName="Review" solution="Active" />
        <Dependent key="1" type="60" displayName="Flagged Question Review" parentDisplayName="Review" id="{7f00206f-2638-4c8a-b7a2-aad9dbdcce77}" />
      </MissingDependency>
      <MissingDependency>
        <Required key="18" type="2" schemaName="sbagcbd_card" displayName="Card" parentSchemaName="sbagcbd_review" parentDisplayName="Review" solution="Active" />
        <Dependent key="1" type="60" displayName="Flagged Question Review" parentDisplayName="Review" id="{7f00206f-2638-4c8a-b7a2-aad9dbdcce77}" />
      </MissingDependency>
      <MissingDependency>
        <Required key="19" type="2" schemaName="sbagcbd_notifyfirm" displayName="Notify Firm" parentSchemaName="sbagcbd_review" parentDisplayName="Review" solution="Active" />
        <Dependent key="1" type="60" displayName="Flagged Question Review" parentDisplayName="Review" id="{7f00206f-2638-4c8a-b7a2-aad9dbdcce77}" />
      </MissingDependency>
      <MissingDependency>
        <Required key="20" type="2" schemaName="sbagcbd_question" displayName="Question" parentSchemaName="sbagcbd_review" parentDisplayName="Review" solution="Active" />
        <Dependent key="1" type="60" displayName="Flagged Question Review" parentDisplayName="Review" id="{7f00206f-2638-4c8a-b7a2-aad9dbdcce77}" />
      </MissingDependency>
      <MissingDependency>
        <Required key="21" type="2" schemaName="sbagcbd_stage" displayName="Stage" parentSchemaName="sbagcbd_review" parentDisplayName="Review" solution="Active" />
        <Dependent key="1" type="60" displayName="Flagged Question Review" parentDisplayName="Review" id="{7f00206f-2638-4c8a-b7a2-aad9dbdcce77}" />
      </MissingDependency>
      <MissingDependency>
        <Required key="22" type="2" schemaName="sbagcbd_analystchecklist" displayName="Analyst Checklist" parentSchemaName="sbagcbd_review" parentDisplayName="Review" solution="Active" />
        <Dependent key="1" type="60" displayName="Flagged Question Review" parentDisplayName="Review" id="{7f00206f-2638-4c8a-b7a2-aad9dbdcce77}" />
      </MissingDependency>
      <MissingDependency>
        <Required key="23" type="2" schemaName="sbagcbd_hasindividualcontributors" displayName="Has Individual Contributors" parentSchemaName="sbagcbd_review" parentDisplayName="Review" solution="Active" />
        <Dependent key="1" type="60" displayName="Flagged Question Review" parentDisplayName="Review" id="{7f00206f-2638-4c8a-b7a2-aad9dbdcce77}" />
      </MissingDependency>
      <MissingDependency>
        <Required key="24" type="2" schemaName="sbagcbd_ogcreviewsupportingcomments" displayName="OGC Review Supporting Comments" parentSchemaName="sbagcbd_review" parentDisplayName="Review" solution="Active" />
        <Dependent key="1" type="60" displayName="Flagged Question Review" parentDisplayName="Review" id="{7f00206f-2638-4c8a-b7a2-aad9dbdcce77}" />
      </MissingDependency>
      <MissingDependency>
        <Required key="25" type="2" schemaName="createdon" displayName="Date Created" parentSchemaName="sbagcbd_review" parentDisplayName="Review" solution="Active" />
        <Dependent key="1" type="60" displayName="Flagged Question Review" parentDisplayName="Review" id="{7f00206f-2638-4c8a-b7a2-aad9dbdcce77}" />
      </MissingDependency>
      <MissingDependency>
        <Required key="26" type="2" schemaName="ownerid" displayName="Reviewer" parentSchemaName="sbagcbd_review" parentDisplayName="Review" solution="Active" />
        <Dependent key="1" type="60" displayName="Flagged Question Review" parentDisplayName="Review" id="{7f00206f-2638-4c8a-b7a2-aad9dbdcce77}" />
      </MissingDependency>
      <MissingDependency>
        <Required key="27" type="2" schemaName="sbagcbd_processstage" displayName="Process Stage" parentSchemaName="sbagcbd_review" parentDisplayName="Review" solution="Active" />
        <Dependent key="1" type="60" displayName="Flagged Question Review" parentDisplayName="Review" id="{7f00206f-2638-4c8a-b7a2-aad9dbdcce77}" />
      </MissingDependency>
      <MissingDependency>
        <Required key="28" type="2" schemaName="sbagcbd_sizestandardapplied" displayName="Size Standard Applied" parentSchemaName="sbagcbd_review" parentDisplayName="Review" solution="Active" />
        <Dependent key="1" type="60" displayName="Flagged Question Review" parentDisplayName="Review" id="{7f00206f-2638-4c8a-b7a2-aad9dbdcce77}" />
      </MissingDependency>
      <MissingDependency>
        <Required key="29" type="2" schemaName="sbagcbd_determination" displayName="Determination" parentSchemaName="sbagcbd_review" parentDisplayName="Review" solution="Active" />
        <Dependent key="1" type="60" displayName="Flagged Question Review" parentDisplayName="Review" id="{7f00206f-2638-4c8a-b7a2-aad9dbdcce77}" />
      </MissingDependency>
      <MissingDependency>
        <Required key="30" type="2" schemaName="sbagcbd_subsection" displayName="Subsection" parentSchemaName="sbagcbd_review" parentDisplayName="Review" solution="Active" />
        <Dependent key="1" type="60" displayName="Flagged Question Review" parentDisplayName="Review" id="{7f00206f-2638-4c8a-b7a2-aad9dbdcce77}" />
      </MissingDependency>
      <MissingDependency>
        <Required key="31" type="2" schemaName="sbagcbd_staticsubsection" displayName="Static Subsection" parentSchemaName="sbagcbd_review" parentDisplayName="Review" solution="Active" />
        <Dependent key="1" type="60" displayName="Flagged Question Review" parentDisplayName="Review" id="{7f00206f-2638-4c8a-b7a2-aad9dbdcce77}" />
      </MissingDependency>
      <MissingDependency>
        <Required key="32" type="2" schemaName="sbagcbd_primarypurposeofogcreview" displayName="Primary Purpose of Review" parentSchemaName="sbagcbd_review" parentDisplayName="Review" solution="Active" />
        <Dependent key="1" type="60" displayName="Flagged Question Review" parentDisplayName="Review" id="{7f00206f-2638-4c8a-b7a2-aad9dbdcce77}" />
      </MissingDependency>
      <MissingDependency>
        <Required key="33" type="2" schemaName="sbagcbd_rfiduedate" displayName="RFI Due Date" parentSchemaName="sbagcbd_review" parentDisplayName="Review" solution="Active" />
        <Dependent key="1" type="60" displayName="Flagged Question Review" parentDisplayName="Review" id="{7f00206f-2638-4c8a-b7a2-aad9dbdcce77}" />
      </MissingDependency>
      <MissingDependency>
        <Required key="34" type="10" schemaName="sbagcbd_review_IndividualContributor_sbag" displayName="sbagcbd_review_IndividualContributor_sbag" parentSchemaName="sbagcbd_individualcontbr" parentDisplayName="Individual Contributor" solution="Active" />
        <Dependent key="1" type="60" displayName="Flagged Question Review" parentDisplayName="Review" id="{7f00206f-2638-4c8a-b7a2-aad9dbdcce77}" />
      </MissingDependency>
      <MissingDependency>
        <Required key="35" type="10" schemaName="sbagcbd_sbagcbd_section_sbagcbd_question_Section" displayName="sbagcbd_sbagcbd_section_sbagcbd_question_Section" parentSchemaName="sbagcbd_section" parentDisplayName="Section" solution="Active" />
        <Dependent key="1" type="60" displayName="Flagged Question Review" parentDisplayName="Review" id="{7f00206f-2638-4c8a-b7a2-aad9dbdcce77}" />
      </MissingDependency>
      <MissingDependency>
        <Required key="36" type="10" schemaName="sbagcbd_sbagcbd_casecard_sbagcbd_review_Card" displayName="sbagcbd_sbagcbd_casecard_sbagcbd_review_Card" parentSchemaName="sbagcbd_casecard" parentDisplayName="Case Card" solution="Active" />
        <Dependent key="1" type="60" displayName="Flagged Question Review" parentDisplayName="Review" id="{7f00206f-2638-4c8a-b7a2-aad9dbdcce77}" />
      </MissingDependency>
      <MissingDependency>
        <Required key="37" type="10" schemaName="sbagcbd_sbagcbd_review_task_Review" displayName="sbagcbd_sbagcbd_review_task_Review" parentSchemaName="sbagcbd_review" parentDisplayName="Review" solution="Active" />
        <Dependent key="1" type="60" displayName="Flagged Question Review" parentDisplayName="Review" id="{7f00206f-2638-4c8a-b7a2-aad9dbdcce77}" />
      </MissingDependency>
      <MissingDependency>
        <Required key="38" type="10" schemaName="sbagcbd_sbagcbd_question_sbagcbd_review_Question" displayName="sbagcbd_sbagcbd_question_sbagcbd_review_Question" parentSchemaName="sbagcbd_question" parentDisplayName="Question" solution="Active" />
        <Dependent key="1" type="60" displayName="Flagged Question Review" parentDisplayName="Review" id="{7f00206f-2638-4c8a-b7a2-aad9dbdcce77}" />
      </MissingDependency>
      <MissingDependency>
        <Required key="39" type="10" schemaName="sbagcbd_sbagcbd_individualcontributorssection_sbagcbd_review_IndividualContribSection" displayName="sbagcbd_sbagcbd_individualcontributorssection_sbagcbd_review_IndividualContribSection" parentSchemaName="sbagcbd_individualcontributorssection" parentDisplayName="Individual Contributors Section" solution="Active" />
        <Dependent key="1" type="60" displayName="Flagged Question Review" parentDisplayName="Review" id="{7f00206f-2638-4c8a-b7a2-aad9dbdcce77}" />
      </MissingDependency>
      <MissingDependency>
        <Required key="40" type="10" schemaName="sbagcbd_CaseCardIncident_rel" displayName="sbagcbd_CaseCardIncident_rel" parentSchemaName="incident" parentDisplayName="Case" solution="Active" />
        <Dependent key="1" type="60" displayName="Flagged Question Review" parentDisplayName="Review" id="{7f00206f-2638-4c8a-b7a2-aad9dbdcce77}" />
      </MissingDependency>
      <MissingDependency>
        <Required key="41" type="10" schemaName="sbagcbd_review_Documents_sbagcbd_uploaded" displayName="sbagcbd_review_Documents_sbagcbd_uploaded" parentSchemaName="sbagcbd_review" parentDisplayName="Review" solution="Active" />
        <Dependent key="1" type="60" displayName="Flagged Question Review" parentDisplayName="Review" id="{7f00206f-2638-4c8a-b7a2-aad9dbdcce77}" />
      </MissingDependency>
      <MissingDependency>
        <Required key="42" type="10" schemaName="sbagcbd_sbagcbd_individualcontributorssection_sbagcbd_individualcontributorssubsections_ICSection" displayName="sbagcbd_sbagcbd_individualcontributorssection_sbagcbd_individualcontributorssubsections_ICSection" parentSchemaName="sbagcbd_individualcontributorssection" parentDisplayName="Individual Contributors Section" solution="Active" />
        <Dependent key="1" type="60" displayName="Flagged Question Review" parentDisplayName="Review" id="{7f00206f-2638-4c8a-b7a2-aad9dbdcce77}" />
      </MissingDependency>
      <MissingDependency>
        <Required key="43" type="10" schemaName="sbagcbd_CaseCardSubLevel1_rel" displayName="sbagcbd_CaseCardSubLevel1_rel" parentSchemaName="sbagcbd_casecard" parentDisplayName="Case Card" solution="Active" />
        <Dependent key="1" type="60" displayName="Flagged Question Review" parentDisplayName="Review" id="{7f00206f-2638-4c8a-b7a2-aad9dbdcce77}" />
      </MissingDependency>
      <MissingDependency>
        <Required key="44" type="10" schemaName="sbagcbd_IndividualContbr_Caseid_Incident" displayName="sbagcbd_IndividualContbr_Caseid_Incident" parentSchemaName="incident" parentDisplayName="Case" solution="Active" />
        <Dependent key="1" type="60" displayName="Flagged Question Review" parentDisplayName="Review" id="{7f00206f-2638-4c8a-b7a2-aad9dbdcce77}" />
      </MissingDependency>
      <MissingDependency>
        <Required key="45" type="10" schemaName="sbagcbd_sbagcbd_casecardsublevel1_sbagcbd_review_Subsection" displayName="sbagcbd_sbagcbd_casecardsublevel1_sbagcbd_review_Subsection" parentSchemaName="sbagcbd_casecardsublevel1" parentDisplayName="Case Card Sub Level 1" solution="Active" />
        <Dependent key="1" type="60" displayName="Flagged Question Review" parentDisplayName="Review" id="{7f00206f-2638-4c8a-b7a2-aad9dbdcce77}" />
      </MissingDependency>
      <MissingDependency>
        <Required key="46" type="10" schemaName="sbagcbd_sbagcbd_individualcontributorssubsections_sbagcbd_review_IndividualContributorSubsection" displayName="sbagcbd_sbagcbd_individualcontributorssubsections_sbagcbd_review_IndividualContributorSubsection" parentSchemaName="sbagcbd_individualcontributorssubsections" parentDisplayName="Individual Contributors Subsections" solution="Active" />
        <Dependent key="1" type="60" displayName="Flagged Question Review" parentDisplayName="Review" id="{7f00206f-2638-4c8a-b7a2-aad9dbdcce77}" />
      </MissingDependency>
      <MissingDependency>
        <Required key="47" type="10" schemaName="sbagcbd_processstage_sbagcbd_review_ProcessStage" displayName="sbagcbd_processstage_sbagcbd_review_ProcessStage" parentSchemaName="processstage" parentDisplayName="Process Stage" solution="Active" />
        <Dependent key="1" type="60" displayName="Flagged Question Review" parentDisplayName="Review" id="{7f00206f-2638-4c8a-b7a2-aad9dbdcce77}" />
      </MissingDependency>
      <MissingDependency>
        <Required key="48" type="26" schemaName="Question Lookup View" displayName="Question Lookup View" parentSchemaName="sbagcbd_question" parentDisplayName="Question" solution="Active" id="{ca649d5c-aa99-41e5-bb77-b18e5e5a9085}" />
        <Dependent key="1" type="60" displayName="Flagged Question Review" parentDisplayName="Review" id="{7f00206f-2638-4c8a-b7a2-aad9dbdcce77}" />
      </MissingDependency>
      <MissingDependency>
        <Required key="49" type="26" schemaName="Individual Contributor Lookup View" displayName="Individual Contributor Lookup View" parentSchemaName="sbagcbd_individualcontbr" parentDisplayName="Individual Contributor" solution="Active" id="{8e446cfd-7278-497f-8ce9-9a8898fe0559}" />
        <Dependent key="1" type="60" displayName="Flagged Question Review" parentDisplayName="Review" id="{7f00206f-2638-4c8a-b7a2-aad9dbdcce77}" />
      </MissingDependency>
      <MissingDependency>
        <Required key="50" type="26" schemaName="Individual Contributors Subsections Lookup View" displayName="Individual Contributors Subsections Lookup View" parentSchemaName="sbagcbd_individualcontributorssubsections" parentDisplayName="Individual Contributors Subsections" solution="Active" id="{70f325ff-e169-43fc-9295-94e220fc7b1f}" />
        <Dependent key="1" type="60" displayName="Flagged Question Review" parentDisplayName="Review" id="{7f00206f-2638-4c8a-b7a2-aad9dbdcce77}" />
      </MissingDependency>
      <MissingDependency>
        <Required key="51" type="26" schemaName="Case Card Sub Level 1 Lookup View" displayName="Case Card Sub Level 1 Lookup View" parentSchemaName="sbagcbd_casecardsublevel1" parentDisplayName="Case Card Sub Level 1" solution="Active" id="{a775471e-f07e-4f06-a5ff-882710f7b17d}" />
        <Dependent key="1" type="60" displayName="Flagged Question Review" parentDisplayName="Review" id="{7f00206f-2638-4c8a-b7a2-aad9dbdcce77}" />
      </MissingDependency>
      <MissingDependency>
        <Required key="52" type="26" schemaName="Active Uploaded Documents" displayName="Active Uploaded Documents" parentSchemaName="sbagcbd_uploadeddocument" parentDisplayName="Uploaded Document" solution="Active" id="{44cb81a9-a366-48ef-be93-ba978c46f5c6}" />
        <Dependent key="1" type="60" displayName="Flagged Question Review" parentDisplayName="Review" id="{7f00206f-2638-4c8a-b7a2-aad9dbdcce77}" />
      </MissingDependency>
      <MissingDependency>
        <Required key="53" type="26" schemaName="Case Card Lookup View" displayName="Case Card Lookup View" parentSchemaName="sbagcbd_casecard" parentDisplayName="Case Card" solution="Active" id="{1b36ba94-87fb-4a34-bdfb-c2c296bd967e}" />
        <Dependent key="1" type="60" displayName="Flagged Question Review" parentDisplayName="Review" id="{7f00206f-2638-4c8a-b7a2-aad9dbdcce77}" />
      </MissingDependency>
      <MissingDependency>
        <Required key="54" type="26" schemaName="Individual Contributors Section Lookup View" displayName="Individual Contributors Section Lookup View" parentSchemaName="sbagcbd_individualcontributorssection" parentDisplayName="Individual Contributors Section" solution="Active" id="{ee3fa17f-972e-4796-80e1-1b5e979c9c75}" />
        <Dependent key="1" type="60" displayName="Flagged Question Review" parentDisplayName="Review" id="{7f00206f-2638-4c8a-b7a2-aad9dbdcce77}" />
      </MissingDependency>
      <MissingDependency>
        <Required key="55" type="59" schemaName="Tasks by Month Due" displayName="Tasks by Month Due" parentSchemaName="task" parentDisplayName="Task" solution="msdynce_AppCommon (9.0.4.0066)" id="{9e6a8b06-6d14-46e6-bbf5-95c388c6eb7a}" />
        <Dependent key="1" type="60" displayName="Flagged Question Review" parentDisplayName="Review" id="{7f00206f-2638-4c8a-b7a2-aad9dbdcce77}" />
      </MissingDependency>
      <MissingDependency>
        <Required key="56" type="61" schemaName="sbagcbd_process_review_paramaters" displayName="sbagcbd_process_review_paramaters" solution="Active" />
        <Dependent key="1" type="60" displayName="Flagged Question Review" parentDisplayName="Review" id="{7f00206f-2638-4c8a-b7a2-aad9dbdcce77}" />
      </MissingDependency>
      <MissingDependency>
        <Required key="57" type="1" schemaName="sbagcbd_review" displayName="Review" solution="Active" />
        <Dependent key="57" type="1" schemaName="sbagcbd_review" displayName="Review" />
      </MissingDependency>
      <MissingDependency>
        <Required key="33" type="2" schemaName="sbagcbd_rfiduedate" displayName="RFI Due Date" parentSchemaName="sbagcbd_review" parentDisplayName="Review" solution="Active" />
        <Dependent key="58" type="29" displayName="Make RFI Due Date Extension Reason REQUIRED if Due Date is changed" id="{fd4daef4-639f-ea11-a811-001dd8309b4f}" />
      </MissingDependency>
      <MissingDependency>
        <Required key="13" type="2" schemaName="sbagcbd_rfiduedateextensionreason" displayName="RFI Due Date Extension Reason" parentSchemaName="sbagcbd_review" parentDisplayName="Review" solution="Active" />
        <Dependent key="58" type="29" displayName="Make RFI Due Date Extension Reason REQUIRED if Due Date is changed" id="{fd4daef4-639f-ea11-a811-001dd8309b4f}" />
      </MissingDependency>
      <MissingDependency>
        <Required key="59" type="2" schemaName="activityid" displayName="Activity" parentSchemaName="sbagcbd_review" parentDisplayName="Review" solution="Active" />
        <Dependent key="58" type="29" displayName="Make RFI Due Date Extension Reason REQUIRED if Due Date is changed" id="{fd4daef4-639f-ea11-a811-001dd8309b4f}" />
      </MissingDependency>
      <MissingDependency>
        <Required key="14" type="2" schemaName="subject" displayName="Subject" parentSchemaName="sbagcbd_review" parentDisplayName="Review" solution="Active" />
        <Dependent key="58" type="29" displayName="Make RFI Due Date Extension Reason REQUIRED if Due Date is changed" id="{fd4daef4-639f-ea11-a811-001dd8309b4f}" />
      </MissingDependency>
      <MissingDependency>
        <Required key="59" type="2" schemaName="activityid" displayName="Activity" parentSchemaName="sbagcbd_review" parentDisplayName="Review" solution="Active" />
        <Dependent key="60" type="29" displayName="Review - Set Referral Fields on Selection of Referral" id="{332274b6-ebb5-44a5-8688-f3a490e4edfd}" />
      </MissingDependency>
      <MissingDependency>
        <Required key="14" type="2" schemaName="subject" displayName="Subject" parentSchemaName="sbagcbd_review" parentDisplayName="Review" solution="Active" />
        <Dependent key="60" type="29" displayName="Review - Set Referral Fields on Selection of Referral" id="{332274b6-ebb5-44a5-8688-f3a490e4edfd}" />
      </MissingDependency>
      <MissingDependency>
        <Required key="30" type="2" schemaName="sbagcbd_subsection" displayName="Subsection" parentSchemaName="sbagcbd_review" parentDisplayName="Review" solution="Active" />
        <Dependent key="61" type="29" displayName="Hide Review fields if a Referral" id="{f7365487-9ba6-ea11-a811-001dd8309b4f}" />
      </MissingDependency>
      <MissingDependency>
        <Required key="62" type="2" schemaName="sbagcbd_requestforinformation" displayName="RFI" parentSchemaName="sbagcbd_review" parentDisplayName="Review" solution="Active" />
        <Dependent key="61" type="29" displayName="Hide Review fields if a Referral" id="{f7365487-9ba6-ea11-a811-001dd8309b4f}" />
      </MissingDependency>
      <MissingDependency>
        <Required key="59" type="2" schemaName="activityid" displayName="Activity" parentSchemaName="sbagcbd_review" parentDisplayName="Review" solution="Active" />
        <Dependent key="61" type="29" displayName="Hide Review fields if a Referral" id="{f7365487-9ba6-ea11-a811-001dd8309b4f}" />
      </MissingDependency>
      <MissingDependency>
        <Required key="13" type="2" schemaName="sbagcbd_rfiduedateextensionreason" displayName="RFI Due Date Extension Reason" parentSchemaName="sbagcbd_review" parentDisplayName="Review" solution="Active" />
        <Dependent key="61" type="29" displayName="Hide Review fields if a Referral" id="{f7365487-9ba6-ea11-a811-001dd8309b4f}" />
      </MissingDependency>
      <MissingDependency>
        <Required key="7" type="2" schemaName="sbagcbd_individualcontributor" displayName="Individual Contributor" parentSchemaName="sbagcbd_review" parentDisplayName="Review" solution="Active" />
        <Dependent key="61" type="29" displayName="Hide Review fields if a Referral" id="{f7365487-9ba6-ea11-a811-001dd8309b4f}" />
      </MissingDependency>
      <MissingDependency>
        <Required key="21" type="2" schemaName="sbagcbd_stage" displayName="Stage" parentSchemaName="sbagcbd_review" parentDisplayName="Review" solution="Active" />
        <Dependent key="61" type="29" displayName="Hide Review fields if a Referral" id="{f7365487-9ba6-ea11-a811-001dd8309b4f}" />
      </MissingDependency>
      <MissingDependency>
        <Required key="6" type="2" schemaName="sbagcbd_externalnotes" displayName="External Notes" parentSchemaName="sbagcbd_review" parentDisplayName="Review" solution="Active" />
        <Dependent key="61" type="29" displayName="Hide Review fields if a Referral" id="{f7365487-9ba6-ea11-a811-001dd8309b4f}" />
      </MissingDependency>
      <MissingDependency>
        <Required key="33" type="2" schemaName="sbagcbd_rfiduedate" displayName="RFI Due Date" parentSchemaName="sbagcbd_review" parentDisplayName="Review" solution="Active" />
        <Dependent key="61" type="29" displayName="Hide Review fields if a Referral" id="{f7365487-9ba6-ea11-a811-001dd8309b4f}" />
      </MissingDependency>
      <MissingDependency>
        <Required key="63" type="2" schemaName="sbagcbd_individualcontributorsection" displayName="Individual Contributor Section" parentSchemaName="sbagcbd_review" parentDisplayName="Review" solution="Active" />
        <Dependent key="61" type="29" displayName="Hide Review fields if a Referral" id="{f7365487-9ba6-ea11-a811-001dd8309b4f}" />
      </MissingDependency>
      <MissingDependency>
        <Required key="8" type="2" schemaName="sbagcbd_individualcontributorsubsection" displayName="Individual Contributor Subsection" parentSchemaName="sbagcbd_review" parentDisplayName="Review" solution="Active" />
        <Dependent key="61" type="29" displayName="Hide Review fields if a Referral" id="{f7365487-9ba6-ea11-a811-001dd8309b4f}" />
      </MissingDependency>
      <MissingDependency>
        <Required key="19" type="2" schemaName="sbagcbd_notifyfirm" displayName="Notify Firm" parentSchemaName="sbagcbd_review" parentDisplayName="Review" solution="Active" />
        <Dependent key="61" type="29" displayName="Hide Review fields if a Referral" id="{f7365487-9ba6-ea11-a811-001dd8309b4f}" />
      </MissingDependency>
      <MissingDependency>
        <Required key="18" type="2" schemaName="sbagcbd_card" displayName="Card" parentSchemaName="sbagcbd_review" parentDisplayName="Review" solution="Active" />
        <Dependent key="61" type="29" displayName="Hide Review fields if a Referral" id="{f7365487-9ba6-ea11-a811-001dd8309b4f}" />
      </MissingDependency>
      <MissingDependency>
        <Required key="14" type="2" schemaName="subject" displayName="Subject" parentSchemaName="sbagcbd_review" parentDisplayName="Review" solution="Active" />
        <Dependent key="61" type="29" displayName="Hide Review fields if a Referral" id="{f7365487-9ba6-ea11-a811-001dd8309b4f}" />
      </MissingDependency>
      <MissingDependency>
        <Required key="6" type="2" schemaName="sbagcbd_externalnotes" displayName="External Notes" parentSchemaName="sbagcbd_review" parentDisplayName="Review" solution="Active" />
        <Dependent key="64" type="29" displayName="Make External Notes Required if an RFI" id="{730359b7-9ba6-ea11-a811-001dd8309b4f}" />
      </MissingDependency>
      <MissingDependency>
        <Required key="59" type="2" schemaName="activityid" displayName="Activity" parentSchemaName="sbagcbd_review" parentDisplayName="Review" solution="Active" />
        <Dependent key="64" type="29" displayName="Make External Notes Required if an RFI" id="{730359b7-9ba6-ea11-a811-001dd8309b4f}" />
      </MissingDependency>
      <MissingDependency>
        <Required key="14" type="2" schemaName="subject" displayName="Subject" parentSchemaName="sbagcbd_review" parentDisplayName="Review" solution="Active" />
        <Dependent key="64" type="29" displayName="Make External Notes Required if an RFI" id="{730359b7-9ba6-ea11-a811-001dd8309b4f}" />
      </MissingDependency>
      <MissingDependency>
        <Required key="8" type="2" schemaName="sbagcbd_individualcontributorsubsection" displayName="Individual Contributor Subsection" parentSchemaName="sbagcbd_review" parentDisplayName="Review" solution="Active" />
        <Dependent key="65" type="29" displayName="Make Individual Contributors info Required" id="{2e562e3b-5d94-ea11-a811-001dd8309c75}" />
      </MissingDependency>
      <MissingDependency>
        <Required key="14" type="2" schemaName="subject" displayName="Subject" parentSchemaName="sbagcbd_review" parentDisplayName="Review" solution="Active" />
        <Dependent key="65" type="29" displayName="Make Individual Contributors info Required" id="{2e562e3b-5d94-ea11-a811-001dd8309c75}" />
      </MissingDependency>
      <MissingDependency>
        <Required key="18" type="2" schemaName="sbagcbd_card" displayName="Card" parentSchemaName="sbagcbd_review" parentDisplayName="Review" solution="Active" />
        <Dependent key="65" type="29" displayName="Make Individual Contributors info Required" id="{2e562e3b-5d94-ea11-a811-001dd8309c75}" />
      </MissingDependency>
      <MissingDependency>
        <Required key="63" type="2" schemaName="sbagcbd_individualcontributorsection" displayName="Individual Contributor Section" parentSchemaName="sbagcbd_review" parentDisplayName="Review" solution="Active" />
        <Dependent key="65" type="29" displayName="Make Individual Contributors info Required" id="{2e562e3b-5d94-ea11-a811-001dd8309c75}" />
      </MissingDependency>
      <MissingDependency>
        <Required key="59" type="2" schemaName="activityid" displayName="Activity" parentSchemaName="sbagcbd_review" parentDisplayName="Review" solution="Active" />
        <Dependent key="65" type="29" displayName="Make Individual Contributors info Required" id="{2e562e3b-5d94-ea11-a811-001dd8309c75}" />
      </MissingDependency>
      <MissingDependency>
        <Required key="7" type="2" schemaName="sbagcbd_individualcontributor" displayName="Individual Contributor" parentSchemaName="sbagcbd_review" parentDisplayName="Review" solution="Active" />
        <Dependent key="65" type="29" displayName="Make Individual Contributors info Required" id="{2e562e3b-5d94-ea11-a811-001dd8309c75}" />
      </MissingDependency>
      <MissingDependency>
        <Required key="12" type="2" schemaName="statecode" displayName="Activity Status" parentSchemaName="sbagcbd_review" parentDisplayName="Review" solution="Active" />
        <Dependent key="66" type="29" displayName="Revew - Set Analyst View to Complete when Mark Complete is selected" id="{b6b00479-6f49-44eb-80b2-08928af909b3}" />
      </MissingDependency>
      <MissingDependency>
        <Required key="67" type="2" schemaName="statuscode" displayName="Status Reason" parentSchemaName="sbagcbd_review" parentDisplayName="Review" solution="Active" />
        <Dependent key="66" type="29" displayName="Revew - Set Analyst View to Complete when Mark Complete is selected" id="{b6b00479-6f49-44eb-80b2-08928af909b3}" />
      </MissingDependency>
      <MissingDependency>
        <Required key="59" type="2" schemaName="activityid" displayName="Activity" parentSchemaName="sbagcbd_review" parentDisplayName="Review" solution="Active" />
        <Dependent key="66" type="29" displayName="Revew - Set Analyst View to Complete when Mark Complete is selected" id="{b6b00479-6f49-44eb-80b2-08928af909b3}" />
      </MissingDependency>
      <MissingDependency>
        <Required key="14" type="2" schemaName="subject" displayName="Subject" parentSchemaName="sbagcbd_review" parentDisplayName="Review" solution="Active" />
        <Dependent key="66" type="29" displayName="Revew - Set Analyst View to Complete when Mark Complete is selected" id="{b6b00479-6f49-44eb-80b2-08928af909b3}" />
      </MissingDependency>
    </MissingDependencies>
  </SolutionManifest>
</ImportExportXml>