﻿<?xml version="1.0" encoding="utf-8"?>
<EntityCollection xmlns:i="http://www.w3.org/2001/XMLSchema-instance" xmlns="http://schemas.microsoft.com/xrm/2011/Contracts">
  <Entities>
    <Entity>
      <Attributes xmlns:d4p1="http://schemas.datacontract.org/2004/07/System.Collections.Generic">
        <KeyValuePairOfstringanyType>
          <d4p1:key>statecode</d4p1:key>
          <d4p1:value i:type="OptionSetValue">
            <Value>0</Value>
          </d4p1:value>
        </KeyValuePairOfstringanyType>
        <KeyValuePairOfstringanyType>
          <d4p1:key>adx_parentpageid</d4p1:key>
          <d4p1:value i:type="EntityReference">
            <Id>0473f419-2ced-e511-80d2-00155dee6a04</Id>
            <KeyAttributes xmlns:d7p1="http://schemas.microsoft.com/xrm/7.1/Contracts" />
            <LogicalName>adx_webpage</LogicalName>
            <Name>Knowledge Base - Home</Name>
            <RowVersion i:nil="true" />
          </d4p1:value>
        </KeyValuePairOfstringanyType>
        <KeyValuePairOfstringanyType>
          <d4p1:key>statuscode</d4p1:key>
          <d4p1:value i:type="OptionSetValue">
            <Value>1</Value>
          </d4p1:value>
        </KeyValuePairOfstringanyType>
        <KeyValuePairOfstringanyType>
          <d4p1:key>adx_websiteid</d4p1:key>
          <d4p1:value i:type="EntityReference">
            <Id>7b138792-1090-45b6-9241-8f8d96d8c372</Id>
            <KeyAttributes xmlns:d7p1="http://schemas.microsoft.com/xrm/7.1/Contracts" />
            <LogicalName>adx_website</LogicalName>
            <Name>Customer Self-Service</Name>
            <RowVersion i:nil="true" />
          </d4p1:value>
        </KeyValuePairOfstringanyType>
        <KeyValuePairOfstringanyType>
          <d4p1:key>adx_publishingstateid</d4p1:key>
          <d4p1:value i:type="EntityReference">
            <Id>ed67356b-a2db-49a9-b26d-4c8a59e3d9a7</Id>
            <KeyAttributes xmlns:d7p1="http://schemas.microsoft.com/xrm/7.1/Contracts" />
            <LogicalName>adx_publishingstate</LogicalName>
            <Name>Published</Name>
            <RowVersion i:nil="true" />
          </d4p1:value>
        </KeyValuePairOfstringanyType>
        <KeyValuePairOfstringanyType>
          <d4p1:key>adx_excludefromsearch</d4p1:key>
          <d4p1:value xmlns:d6p1="http://www.w3.org/2001/XMLSchema" i:type="d6p1:boolean">true</d4p1:value>
        </KeyValuePairOfstringanyType>
        <KeyValuePairOfstringanyType>
          <d4p1:key>adx_webpageid</d4p1:key>
          <d4p1:value xmlns:d6p1="http://schemas.microsoft.com/2003/10/Serialization/" i:type="d6p1:guid">eb7d64ca-c26a-e611-80d7-00155d889a88</d4p1:value>
        </KeyValuePairOfstringanyType>
        <KeyValuePairOfstringanyType>
          <d4p1:key>adx_releasedate</d4p1:key>
          <d4p1:value i:nil="true" />
        </KeyValuePairOfstringanyType>
        <KeyValuePairOfstringanyType>
          <d4p1:key>adx_isroot</d4p1:key>
          <d4p1:value xmlns:d6p1="http://www.w3.org/2001/XMLSchema" i:type="d6p1:boolean">false</d4p1:value>
        </KeyValuePairOfstringanyType>
        <KeyValuePairOfstringanyType>
          <d4p1:key>adx_enabletracking</d4p1:key>
          <d4p1:value xmlns:d6p1="http://www.w3.org/2001/XMLSchema" i:type="d6p1:boolean">false</d4p1:value>
        </KeyValuePairOfstringanyType>
        <KeyValuePairOfstringanyType>
          <d4p1:key>adx_name</d4p1:key>
          <d4p1:value xmlns:d6p1="http://www.w3.org/2001/XMLSchema" i:type="d6p1:string">Knowledge Base - Category Details</d4p1:value>
        </KeyValuePairOfstringanyType>
        <KeyValuePairOfstringanyType>
          <d4p1:key>ownerid</d4p1:key>
          <d4p1:value i:type="EntityReference">
            <Id>81aec188-aaec-40ef-b55b-09655cbb6482</Id>
            <KeyAttributes xmlns:d7p1="http://schemas.microsoft.com/xrm/7.1/Contracts" />
            <LogicalName>systemuser</LogicalName>
            <Name>Shueyb Ali</Name>
            <RowVersion i:nil="true" />
          </d4p1:value>
        </KeyValuePairOfstringanyType>
        <KeyValuePairOfstringanyType>
          <d4p1:key>adx_modifiedbyusername</d4p1:key>
          <d4p1:value i:nil="true" />
        </KeyValuePairOfstringanyType>
        <KeyValuePairOfstringanyType>
          <d4p1:key>adx_pagetemplateid</d4p1:key>
          <d4p1:value i:type="EntityReference">
            <Id>19ddf4ee-2fed-e511-80d2-00155dee6a04</Id>
            <KeyAttributes xmlns:d7p1="http://schemas.microsoft.com/xrm/7.1/Contracts" />
            <LogicalName>adx_pagetemplate</LogicalName>
            <Name>Category Details</Name>
            <RowVersion i:nil="true" />
          </d4p1:value>
        </KeyValuePairOfstringanyType>
        <KeyValuePairOfstringanyType>
          <d4p1:key>adx_feedbackpolicy</d4p1:key>
          <d4p1:value i:type="OptionSetValue">
            <Value>756150000</Value>
          </d4p1:value>
        </KeyValuePairOfstringanyType>
        <KeyValuePairOfstringanyType>
          <d4p1:key>adx_hiddenfromsitemap</d4p1:key>
          <d4p1:value xmlns:d6p1="http://www.w3.org/2001/XMLSchema" i:type="d6p1:boolean">true</d4p1:value>
        </KeyValuePairOfstringanyType>
        <KeyValuePairOfstringanyType>
          <d4p1:key>adx_rootwebpageid</d4p1:key>
          <d4p1:value i:type="EntityReference">
            <Id>61d4fd75-0914-42eb-8a2e-72c9d90021c6</Id>
            <KeyAttributes xmlns:d7p1="http://schemas.microsoft.com/xrm/7.1/Contracts" />
            <LogicalName>adx_webpage</LogicalName>
            <Name>Knowledge Base - Category Details</Name>
            <RowVersion i:nil="true" />
          </d4p1:value>
        </KeyValuePairOfstringanyType>
        <KeyValuePairOfstringanyType>
          <d4p1:key>adx_customjavascript</d4p1:key>
          <d4p1:value i:nil="true" />
        </KeyValuePairOfstringanyType>
        <KeyValuePairOfstringanyType>
          <d4p1:key>adx_title</d4p1:key>
          <d4p1:value xmlns:d6p1="http://www.w3.org/2001/XMLSchema" i:type="d6p1:string">Category</d4p1:value>
        </KeyValuePairOfstringanyType>
        <KeyValuePairOfstringanyType>
          <d4p1:key>adx_partialurl</d4p1:key>
          <d4p1:value xmlns:d6p1="http://www.w3.org/2001/XMLSchema" i:type="d6p1:string">category</d4p1:value>
        </KeyValuePairOfstringanyType>
        <KeyValuePairOfstringanyType>
          <d4p1:key>owneridtype</d4p1:key>
          <d4p1:value i:nil="true" />
        </KeyValuePairOfstringanyType>
        <KeyValuePairOfstringanyType>
          <d4p1:key>adx_enablerating</d4p1:key>
          <d4p1:value xmlns:d6p1="http://www.w3.org/2001/XMLSchema" i:type="d6p1:boolean">false</d4p1:value>
        </KeyValuePairOfstringanyType>
        <KeyValuePairOfstringanyType>
          <d4p1:key>adx_image</d4p1:key>
          <d4p1:value i:nil="true" />
        </KeyValuePairOfstringanyType>
        <KeyValuePairOfstringanyType>
          <d4p1:key>adx_sharedpageconfiguration</d4p1:key>
          <d4p1:value xmlns:d6p1="http://www.w3.org/2001/XMLSchema" i:type="d6p1:boolean">false</d4p1:value>
        </KeyValuePairOfstringanyType>
        <KeyValuePairOfstringanyType>
          <d4p1:key>adx_alloworigin</d4p1:key>
          <d4p1:value i:nil="true" />
        </KeyValuePairOfstringanyType>
        <KeyValuePairOfstringanyType>
          <d4p1:key>adx_webpagelanguageid</d4p1:key>
          <d4p1:value i:type="EntityReference">
            <Id>e9e755c4-c26a-e611-80d7-00155d889a88</Id>
            <KeyAttributes xmlns:d7p1="http://schemas.microsoft.com/xrm/7.1/Contracts" />
            <LogicalName>adx_websitelanguage</LogicalName>
            <Name>English</Name>
            <RowVersion i:nil="true" />
          </d4p1:value>
        </KeyValuePairOfstringanyType>
        <KeyValuePairOfstringanyType>
          <d4p1:key>overriddencreatedon</d4p1:key>
          <d4p1:value i:nil="true" />
        </KeyValuePairOfstringanyType>
        <KeyValuePairOfstringanyType>
          <d4p1:key>adx_meta_description</d4p1:key>
          <d4p1:value i:nil="true" />
        </KeyValuePairOfstringanyType>
        <KeyValuePairOfstringanyType>
          <d4p1:key>adx_category</d4p1:key>
          <d4p1:value i:nil="true" />
        </KeyValuePairOfstringanyType>
        <KeyValuePairOfstringanyType>
          <d4p1:key>timezoneruleversionnumber</d4p1:key>
          <d4p1:value i:nil="true" />
        </KeyValuePairOfstringanyType>
        <KeyValuePairOfstringanyType>
          <d4p1:key>adx_customcss</d4p1:key>
          <d4p1:value i:nil="true" />
        </KeyValuePairOfstringanyType>
        <KeyValuePairOfstringanyType>
          <d4p1:key>adx_displaydate</d4p1:key>
          <d4p1:value i:nil="true" />
        </KeyValuePairOfstringanyType>
        <KeyValuePairOfstringanyType>
          <d4p1:key>adx_masterwebpageid</d4p1:key>
          <d4p1:value i:nil="true" />
        </KeyValuePairOfstringanyType>
        <KeyValuePairOfstringanyType>
          <d4p1:key>adx_copy</d4p1:key>
          <d4p1:value i:nil="true" />
        </KeyValuePairOfstringanyType>
        <KeyValuePairOfstringanyType>
          <d4p1:key>adx_subjectid</d4p1:key>
          <d4p1:value i:nil="true" />
        </KeyValuePairOfstringanyType>
        <KeyValuePairOfstringanyType>
          <d4p1:key>utcconversiontimezonecode</d4p1:key>
          <d4p1:value i:nil="true" />
        </KeyValuePairOfstringanyType>
        <KeyValuePairOfstringanyType>
          <d4p1:key>adx_createdbyipaddress</d4p1:key>
          <d4p1:value i:nil="true" />
        </KeyValuePairOfstringanyType>
        <KeyValuePairOfstringanyType>
          <d4p1:key>importsequencenumber</d4p1:key>
          <d4p1:value i:nil="true" />
        </KeyValuePairOfstringanyType>
        <KeyValuePairOfstringanyType>
          <d4p1:key>adx_createdbyusername</d4p1:key>
          <d4p1:value i:nil="true" />
        </KeyValuePairOfstringanyType>
        <KeyValuePairOfstringanyType>
          <d4p1:key>adx_expirationdate</d4p1:key>
          <d4p1:value i:nil="true" />
        </KeyValuePairOfstringanyType>
        <KeyValuePairOfstringanyType>
          <d4p1:key>adx_webform</d4p1:key>
          <d4p1:value i:nil="true" />
        </KeyValuePairOfstringanyType>
        <KeyValuePairOfstringanyType>
          <d4p1:key>adx_displayorder</d4p1:key>
          <d4p1:value i:nil="true" />
        </KeyValuePairOfstringanyType>
        <KeyValuePairOfstringanyType>
          <d4p1:key>adx_entitylist</d4p1:key>
          <d4p1:value i:nil="true" />
        </KeyValuePairOfstringanyType>
        <KeyValuePairOfstringanyType>
          <d4p1:key>adx_entityform</d4p1:key>
          <d4p1:value i:nil="true" />
        </KeyValuePairOfstringanyType>
        <KeyValuePairOfstringanyType>
          <d4p1:key>adx_authorid</d4p1:key>
          <d4p1:value i:nil="true" />
        </KeyValuePairOfstringanyType>
        <KeyValuePairOfstringanyType>
          <d4p1:key>adx_imageurl</d4p1:key>
          <d4p1:value i:nil="true" />
        </KeyValuePairOfstringanyType>
        <KeyValuePairOfstringanyType>
          <d4p1:key>adx_navigation</d4p1:key>
          <d4p1:value i:nil="true" />
        </KeyValuePairOfstringanyType>
        <KeyValuePairOfstringanyType>
          <d4p1:key>adx_modifiedbyipaddress</d4p1:key>
          <d4p1:value i:nil="true" />
        </KeyValuePairOfstringanyType>
        <KeyValuePairOfstringanyType>
          <d4p1:key>adx_summary</d4p1:key>
          <d4p1:value i:nil="true" />
        </KeyValuePairOfstringanyType>
        <KeyValuePairOfstringanyType>
          <d4p1:key>adx_editorialcomments</d4p1:key>
          <d4p1:value i:nil="true" />
        </KeyValuePairOfstringanyType>
      </Attributes>
      <EntityState i:nil="true" />
      <FormattedValues xmlns:d4p1="http://schemas.datacontract.org/2004/07/System.Collections.Generic">
        <KeyValuePairOfstringstring>
          <d4p1:key>statecode</d4p1:key>
          <d4p1:value>Active</d4p1:value>
        </KeyValuePairOfstringstring>
        <KeyValuePairOfstringstring>
          <d4p1:key>adx_parentpageid</d4p1:key>
          <d4p1:value>Knowledge Base - Home</d4p1:value>
        </KeyValuePairOfstringstring>
        <KeyValuePairOfstringstring>
          <d4p1:key>statuscode</d4p1:key>
          <d4p1:value>Active</d4p1:value>
        </KeyValuePairOfstringstring>
        <KeyValuePairOfstringstring>
          <d4p1:key>adx_websiteid</d4p1:key>
          <d4p1:value>Customer Self-Service</d4p1:value>
        </KeyValuePairOfstringstring>
        <KeyValuePairOfstringstring>
          <d4p1:key>adx_publishingstateid</d4p1:key>
          <d4p1:value>Published</d4p1:value>
        </KeyValuePairOfstringstring>
        <KeyValuePairOfstringstring>
          <d4p1:key>adx_excludefromsearch</d4p1:key>
          <d4p1:value>Yes</d4p1:value>
        </KeyValuePairOfstringstring>
        <KeyValuePairOfstringstring>
          <d4p1:key>createdon</d4p1:key>
          <d4p1:value>3/20/2020 2:12 AM</d4p1:value>
        </KeyValuePairOfstringstring>
        <KeyValuePairOfstringstring>
          <d4p1:key>adx_isroot</d4p1:key>
          <d4p1:value>No</d4p1:value>
        </KeyValuePairOfstringstring>
        <KeyValuePairOfstringstring>
          <d4p1:key>adx_enabletracking</d4p1:key>
          <d4p1:value>No</d4p1:value>
        </KeyValuePairOfstringstring>
        <KeyValuePairOfstringstring>
          <d4p1:key>ownerid</d4p1:key>
          <d4p1:value>Shueyb Ali</d4p1:value>
        </KeyValuePairOfstringstring>
        <KeyValuePairOfstringstring>
          <d4p1:key>modifiedon</d4p1:key>
          <d4p1:value>3/24/2020 7:32 AM</d4p1:value>
        </KeyValuePairOfstringstring>
        <KeyValuePairOfstringstring>
          <d4p1:key>adx_pagetemplateid</d4p1:key>
          <d4p1:value>Category Details</d4p1:value>
        </KeyValuePairOfstringstring>
        <KeyValuePairOfstringstring>
          <d4p1:key>adx_feedbackpolicy</d4p1:key>
          <d4p1:value>Inherit</d4p1:value>
        </KeyValuePairOfstringstring>
        <KeyValuePairOfstringstring>
          <d4p1:key>adx_hiddenfromsitemap</d4p1:key>
          <d4p1:value>Yes</d4p1:value>
        </KeyValuePairOfstringstring>
        <KeyValuePairOfstringstring>
          <d4p1:key>adx_rootwebpageid</d4p1:key>
          <d4p1:value>Knowledge Base - Category Details</d4p1:value>
        </KeyValuePairOfstringstring>
        <KeyValuePairOfstringstring>
          <d4p1:key>modifiedby</d4p1:key>
          <d4p1:value>Shueyb Ali</d4p1:value>
        </KeyValuePairOfstringstring>
        <KeyValuePairOfstringstring>
          <d4p1:key>createdby</d4p1:key>
          <d4p1:value>Shueyb Ali</d4p1:value>
        </KeyValuePairOfstringstring>
        <KeyValuePairOfstringstring>
          <d4p1:key>adx_enablerating</d4p1:key>
          <d4p1:value>No</d4p1:value>
        </KeyValuePairOfstringstring>
        <KeyValuePairOfstringstring>
          <d4p1:key>adx_sharedpageconfiguration</d4p1:key>
          <d4p1:value>No</d4p1:value>
        </KeyValuePairOfstringstring>
        <KeyValuePairOfstringstring>
          <d4p1:key>adx_webpagelanguageid</d4p1:key>
          <d4p1:value>English</d4p1:value>
        </KeyValuePairOfstringstring>
      </FormattedValues>
      <Id>eb7d64ca-c26a-e611-80d7-00155d889a88</Id>
      <KeyAttributes xmlns:d4p1="http://schemas.microsoft.com/xrm/7.1/Contracts" xmlns:d4p2="http://schemas.datacontract.org/2004/07/System.Collections.Generic" />
      <LogicalName>adx_webpage</LogicalName>
      <RelatedEntities xmlns:d4p1="http://schemas.datacontract.org/2004/07/System.Collections.Generic" />
      <RowVersion>1909991</RowVersion>
    </Entity>
    <Entity>
      <Attributes xmlns:d4p1="http://schemas.datacontract.org/2004/07/System.Collections.Generic">
        <KeyValuePairOfstringanyType>
          <d4p1:key>statecode</d4p1:key>
          <d4p1:value i:type="OptionSetValue">
            <Value>1</Value>
          </d4p1:value>
        </KeyValuePairOfstringanyType>
        <KeyValuePairOfstringanyType>
          <d4p1:key>adx_parentpageid</d4p1:key>
          <d4p1:value i:type="EntityReference">
            <Id>0473f419-2ced-e511-80d2-00155dee6a04</Id>
            <KeyAttributes xmlns:d7p1="http://schemas.microsoft.com/xrm/7.1/Contracts" />
            <LogicalName>adx_webpage</LogicalName>
            <Name>Knowledge Base - Home</Name>
            <RowVersion i:nil="true" />
          </d4p1:value>
        </KeyValuePairOfstringanyType>
        <KeyValuePairOfstringanyType>
          <d4p1:key>statuscode</d4p1:key>
          <d4p1:value i:type="OptionSetValue">
            <Value>2</Value>
          </d4p1:value>
        </KeyValuePairOfstringanyType>
        <KeyValuePairOfstringanyType>
          <d4p1:key>adx_websiteid</d4p1:key>
          <d4p1:value i:type="EntityReference">
            <Id>7b138792-1090-45b6-9241-8f8d96d8c372</Id>
            <KeyAttributes xmlns:d7p1="http://schemas.microsoft.com/xrm/7.1/Contracts" />
            <LogicalName>adx_website</LogicalName>
            <Name>Customer Self-Service</Name>
            <RowVersion i:nil="true" />
          </d4p1:value>
        </KeyValuePairOfstringanyType>
        <KeyValuePairOfstringanyType>
          <d4p1:key>adx_publishingstateid</d4p1:key>
          <d4p1:value i:type="EntityReference">
            <Id>ed67356b-a2db-49a9-b26d-4c8a59e3d9a7</Id>
            <KeyAttributes xmlns:d7p1="http://schemas.microsoft.com/xrm/7.1/Contracts" />
            <LogicalName>adx_publishingstate</LogicalName>
            <Name>Published</Name>
            <RowVersion i:nil="true" />
          </d4p1:value>
        </KeyValuePairOfstringanyType>
        <KeyValuePairOfstringanyType>
          <d4p1:key>adx_excludefromsearch</d4p1:key>
          <d4p1:value xmlns:d6p1="http://www.w3.org/2001/XMLSchema" i:type="d6p1:boolean">true</d4p1:value>
        </KeyValuePairOfstringanyType>
        <KeyValuePairOfstringanyType>
          <d4p1:key>adx_webpageid</d4p1:key>
          <d4p1:value xmlns:d6p1="http://schemas.microsoft.com/2003/10/Serialization/" i:type="d6p1:guid">61d4fd75-0914-42eb-8a2e-72c9d90021c6</d4p1:value>
        </KeyValuePairOfstringanyType>
        <KeyValuePairOfstringanyType>
          <d4p1:key>adx_releasedate</d4p1:key>
          <d4p1:value i:nil="true" />
        </KeyValuePairOfstringanyType>
        <KeyValuePairOfstringanyType>
          <d4p1:key>adx_isroot</d4p1:key>
          <d4p1:value xmlns:d6p1="http://www.w3.org/2001/XMLSchema" i:type="d6p1:boolean">true</d4p1:value>
        </KeyValuePairOfstringanyType>
        <KeyValuePairOfstringanyType>
          <d4p1:key>adx_enabletracking</d4p1:key>
          <d4p1:value xmlns:d6p1="http://www.w3.org/2001/XMLSchema" i:type="d6p1:boolean">false</d4p1:value>
        </KeyValuePairOfstringanyType>
        <KeyValuePairOfstringanyType>
          <d4p1:key>adx_name</d4p1:key>
          <d4p1:value xmlns:d6p1="http://www.w3.org/2001/XMLSchema" i:type="d6p1:string">Knowledge Base - Category Details</d4p1:value>
        </KeyValuePairOfstringanyType>
        <KeyValuePairOfstringanyType>
          <d4p1:key>ownerid</d4p1:key>
          <d4p1:value i:type="EntityReference">
            <Id>81aec188-aaec-40ef-b55b-09655cbb6482</Id>
            <KeyAttributes xmlns:d7p1="http://schemas.microsoft.com/xrm/7.1/Contracts" />
            <LogicalName>systemuser</LogicalName>
            <Name>Shueyb Ali</Name>
            <RowVersion i:nil="true" />
          </d4p1:value>
        </KeyValuePairOfstringanyType>
        <KeyValuePairOfstringanyType>
          <d4p1:key>adx_modifiedbyusername</d4p1:key>
          <d4p1:value i:nil="true" />
        </KeyValuePairOfstringanyType>
        <KeyValuePairOfstringanyType>
          <d4p1:key>adx_pagetemplateid</d4p1:key>
          <d4p1:value i:type="EntityReference">
            <Id>19ddf4ee-2fed-e511-80d2-00155dee6a04</Id>
            <KeyAttributes xmlns:d7p1="http://schemas.microsoft.com/xrm/7.1/Contracts" />
            <LogicalName>adx_pagetemplate</LogicalName>
            <Name>Category Details</Name>
            <RowVersion i:nil="true" />
          </d4p1:value>
        </KeyValuePairOfstringanyType>
        <KeyValuePairOfstringanyType>
          <d4p1:key>adx_feedbackpolicy</d4p1:key>
          <d4p1:value i:type="OptionSetValue">
            <Value>756150000</Value>
          </d4p1:value>
        </KeyValuePairOfstringanyType>
        <KeyValuePairOfstringanyType>
          <d4p1:key>adx_hiddenfromsitemap</d4p1:key>
          <d4p1:value xmlns:d6p1="http://www.w3.org/2001/XMLSchema" i:type="d6p1:boolean">true</d4p1:value>
        </KeyValuePairOfstringanyType>
        <KeyValuePairOfstringanyType>
          <d4p1:key>adx_sharedpageconfiguration</d4p1:key>
          <d4p1:value xmlns:d6p1="http://www.w3.org/2001/XMLSchema" i:type="d6p1:boolean">false</d4p1:value>
        </KeyValuePairOfstringanyType>
        <KeyValuePairOfstringanyType>
          <d4p1:key>adx_customjavascript</d4p1:key>
          <d4p1:value i:nil="true" />
        </KeyValuePairOfstringanyType>
        <KeyValuePairOfstringanyType>
          <d4p1:key>adx_title</d4p1:key>
          <d4p1:value xmlns:d6p1="http://www.w3.org/2001/XMLSchema" i:type="d6p1:string">Category</d4p1:value>
        </KeyValuePairOfstringanyType>
        <KeyValuePairOfstringanyType>
          <d4p1:key>adx_partialurl</d4p1:key>
          <d4p1:value xmlns:d6p1="http://www.w3.org/2001/XMLSchema" i:type="d6p1:string">category</d4p1:value>
        </KeyValuePairOfstringanyType>
        <KeyValuePairOfstringanyType>
          <d4p1:key>adx_rootwebpageid</d4p1:key>
          <d4p1:value i:nil="true" />
        </KeyValuePairOfstringanyType>
        <KeyValuePairOfstringanyType>
          <d4p1:key>adx_enablerating</d4p1:key>
          <d4p1:value xmlns:d6p1="http://www.w3.org/2001/XMLSchema" i:type="d6p1:boolean">false</d4p1:value>
        </KeyValuePairOfstringanyType>
        <KeyValuePairOfstringanyType>
          <d4p1:key>owneridtype</d4p1:key>
          <d4p1:value i:nil="true" />
        </KeyValuePairOfstringanyType>
        <KeyValuePairOfstringanyType>
          <d4p1:key>adx_image</d4p1:key>
          <d4p1:value i:nil="true" />
        </KeyValuePairOfstringanyType>
        <KeyValuePairOfstringanyType>
          <d4p1:key>adx_alloworigin</d4p1:key>
          <d4p1:value i:nil="true" />
        </KeyValuePairOfstringanyType>
        <KeyValuePairOfstringanyType>
          <d4p1:key>overriddencreatedon</d4p1:key>
          <d4p1:value i:nil="true" />
        </KeyValuePairOfstringanyType>
        <KeyValuePairOfstringanyType>
          <d4p1:key>adx_meta_description</d4p1:key>
          <d4p1:value i:nil="true" />
        </KeyValuePairOfstringanyType>
        <KeyValuePairOfstringanyType>
          <d4p1:key>adx_category</d4p1:key>
          <d4p1:value i:nil="true" />
        </KeyValuePairOfstringanyType>
        <KeyValuePairOfstringanyType>
          <d4p1:key>timezoneruleversionnumber</d4p1:key>
          <d4p1:value i:nil="true" />
        </KeyValuePairOfstringanyType>
        <KeyValuePairOfstringanyType>
          <d4p1:key>adx_customcss</d4p1:key>
          <d4p1:value i:nil="true" />
        </KeyValuePairOfstringanyType>
        <KeyValuePairOfstringanyType>
          <d4p1:key>adx_webpagelanguageid</d4p1:key>
          <d4p1:value i:nil="true" />
        </KeyValuePairOfstringanyType>
        <KeyValuePairOfstringanyType>
          <d4p1:key>adx_displaydate</d4p1:key>
          <d4p1:value i:nil="true" />
        </KeyValuePairOfstringanyType>
        <KeyValuePairOfstringanyType>
          <d4p1:key>adx_masterwebpageid</d4p1:key>
          <d4p1:value i:nil="true" />
        </KeyValuePairOfstringanyType>
        <KeyValuePairOfstringanyType>
          <d4p1:key>adx_copy</d4p1:key>
          <d4p1:value i:nil="true" />
        </KeyValuePairOfstringanyType>
        <KeyValuePairOfstringanyType>
          <d4p1:key>adx_subjectid</d4p1:key>
          <d4p1:value i:nil="true" />
        </KeyValuePairOfstringanyType>
        <KeyValuePairOfstringanyType>
          <d4p1:key>utcconversiontimezonecode</d4p1:key>
          <d4p1:value i:nil="true" />
        </KeyValuePairOfstringanyType>
        <KeyValuePairOfstringanyType>
          <d4p1:key>adx_createdbyipaddress</d4p1:key>
          <d4p1:value i:nil="true" />
        </KeyValuePairOfstringanyType>
        <KeyValuePairOfstringanyType>
          <d4p1:key>importsequencenumber</d4p1:key>
          <d4p1:value i:nil="true" />
        </KeyValuePairOfstringanyType>
        <KeyValuePairOfstringanyType>
          <d4p1:key>adx_createdbyusername</d4p1:key>
          <d4p1:value i:nil="true" />
        </KeyValuePairOfstringanyType>
        <KeyValuePairOfstringanyType>
          <d4p1:key>adx_expirationdate</d4p1:key>
          <d4p1:value i:nil="true" />
        </KeyValuePairOfstringanyType>
        <KeyValuePairOfstringanyType>
          <d4p1:key>adx_webform</d4p1:key>
          <d4p1:value i:nil="true" />
        </KeyValuePairOfstringanyType>
        <KeyValuePairOfstringanyType>
          <d4p1:key>adx_displayorder</d4p1:key>
          <d4p1:value i:nil="true" />
        </KeyValuePairOfstringanyType>
        <KeyValuePairOfstringanyType>
          <d4p1:key>adx_entitylist</d4p1:key>
          <d4p1:value i:nil="true" />
        </KeyValuePairOfstringanyType>
        <KeyValuePairOfstringanyType>
          <d4p1:key>adx_entityform</d4p1:key>
          <d4p1:value i:nil="true" />
        </KeyValuePairOfstringanyType>
        <KeyValuePairOfstringanyType>
          <d4p1:key>adx_authorid</d4p1:key>
          <d4p1:value i:nil="true" />
        </KeyValuePairOfstringanyType>
        <KeyValuePairOfstringanyType>
          <d4p1:key>adx_imageurl</d4p1:key>
          <d4p1:value i:nil="true" />
        </KeyValuePairOfstringanyType>
        <KeyValuePairOfstringanyType>
          <d4p1:key>adx_navigation</d4p1:key>
          <d4p1:value i:nil="true" />
        </KeyValuePairOfstringanyType>
        <KeyValuePairOfstringanyType>
          <d4p1:key>adx_modifiedbyipaddress</d4p1:key>
          <d4p1:value i:nil="true" />
        </KeyValuePairOfstringanyType>
        <KeyValuePairOfstringanyType>
          <d4p1:key>adx_summary</d4p1:key>
          <d4p1:value i:nil="true" />
        </KeyValuePairOfstringanyType>
        <KeyValuePairOfstringanyType>
          <d4p1:key>adx_editorialcomments</d4p1:key>
          <d4p1:value i:nil="true" />
        </KeyValuePairOfstringanyType>
      </Attributes>
      <EntityState i:nil="true" />
      <FormattedValues xmlns:d4p1="http://schemas.datacontract.org/2004/07/System.Collections.Generic">
        <KeyValuePairOfstringstring>
          <d4p1:key>statecode</d4p1:key>
          <d4p1:value>Inactive</d4p1:value>
        </KeyValuePairOfstringstring>
        <KeyValuePairOfstringstring>
          <d4p1:key>adx_parentpageid</d4p1:key>
          <d4p1:value>Knowledge Base - Home</d4p1:value>
        </KeyValuePairOfstringstring>
        <KeyValuePairOfstringstring>
          <d4p1:key>statuscode</d4p1:key>
          <d4p1:value>Inactive</d4p1:value>
        </KeyValuePairOfstringstring>
        <KeyValuePairOfstringstring>
          <d4p1:key>adx_websiteid</d4p1:key>
          <d4p1:value>Customer Self-Service</d4p1:value>
        </KeyValuePairOfstringstring>
        <KeyValuePairOfstringstring>
          <d4p1:key>adx_publishingstateid</d4p1:key>
          <d4p1:value>Published</d4p1:value>
        </KeyValuePairOfstringstring>
        <KeyValuePairOfstringstring>
          <d4p1:key>adx_excludefromsearch</d4p1:key>
          <d4p1:value>Yes</d4p1:value>
        </KeyValuePairOfstringstring>
        <KeyValuePairOfstringstring>
          <d4p1:key>createdon</d4p1:key>
          <d4p1:value>3/20/2020 2:12 AM</d4p1:value>
        </KeyValuePairOfstringstring>
        <KeyValuePairOfstringstring>
          <d4p1:key>adx_isroot</d4p1:key>
          <d4p1:value>Yes</d4p1:value>
        </KeyValuePairOfstringstring>
        <KeyValuePairOfstringstring>
          <d4p1:key>adx_enabletracking</d4p1:key>
          <d4p1:value>No</d4p1:value>
        </KeyValuePairOfstringstring>
        <KeyValuePairOfstringstring>
          <d4p1:key>ownerid</d4p1:key>
          <d4p1:value>Shueyb Ali</d4p1:value>
        </KeyValuePairOfstringstring>
        <KeyValuePairOfstringstring>
          <d4p1:key>modifiedon</d4p1:key>
          <d4p1:value>3/24/2020 7:32 AM</d4p1:value>
        </KeyValuePairOfstringstring>
        <KeyValuePairOfstringstring>
          <d4p1:key>adx_pagetemplateid</d4p1:key>
          <d4p1:value>Category Details</d4p1:value>
        </KeyValuePairOfstringstring>
        <KeyValuePairOfstringstring>
          <d4p1:key>adx_feedbackpolicy</d4p1:key>
          <d4p1:value>Inherit</d4p1:value>
        </KeyValuePairOfstringstring>
        <KeyValuePairOfstringstring>
          <d4p1:key>adx_hiddenfromsitemap</d4p1:key>
          <d4p1:value>Yes</d4p1:value>
        </KeyValuePairOfstringstring>
        <KeyValuePairOfstringstring>
          <d4p1:key>adx_sharedpageconfiguration</d4p1:key>
          <d4p1:value>No</d4p1:value>
        </KeyValuePairOfstringstring>
        <KeyValuePairOfstringstring>
          <d4p1:key>modifiedby</d4p1:key>
          <d4p1:value>Shueyb Ali</d4p1:value>
        </KeyValuePairOfstringstring>
        <KeyValuePairOfstringstring>
          <d4p1:key>createdby</d4p1:key>
          <d4p1:value>Shueyb Ali</d4p1:value>
        </KeyValuePairOfstringstring>
        <KeyValuePairOfstringstring>
          <d4p1:key>adx_enablerating</d4p1:key>
          <d4p1:value>No</d4p1:value>
        </KeyValuePairOfstringstring>
      </FormattedValues>
      <Id>61d4fd75-0914-42eb-8a2e-72c9d90021c6</Id>
      <KeyAttributes xmlns:d4p1="http://schemas.microsoft.com/xrm/7.1/Contracts" xmlns:d4p2="http://schemas.datacontract.org/2004/07/System.Collections.Generic" />
      <LogicalName>adx_webpage</LogicalName>
      <RelatedEntities xmlns:d4p1="http://schemas.datacontract.org/2004/07/System.Collections.Generic" />
      <RowVersion>1909990</RowVersion>
    </Entity>
    <Entity>
      <Attributes xmlns:d4p1="http://schemas.datacontract.org/2004/07/System.Collections.Generic">
        <KeyValuePairOfstringanyType>
          <d4p1:key>statecode</d4p1:key>
          <d4p1:value i:type="OptionSetValue">
            <Value>0</Value>
          </d4p1:value>
        </KeyValuePairOfstringanyType>
        <KeyValuePairOfstringanyType>
          <d4p1:key>adx_parentpageid</d4p1:key>
          <d4p1:value i:type="EntityReference">
            <Id>de90d43b-1ff4-45f2-8de2-32eeb03c8878</Id>
            <KeyAttributes xmlns:d7p1="http://schemas.microsoft.com/xrm/7.1/Contracts" />
            <LogicalName>adx_webpage</LogicalName>
            <Name>Home</Name>
            <RowVersion i:nil="true" />
          </d4p1:value>
        </KeyValuePairOfstringanyType>
        <KeyValuePairOfstringanyType>
          <d4p1:key>statuscode</d4p1:key>
          <d4p1:value i:type="OptionSetValue">
            <Value>1</Value>
          </d4p1:value>
        </KeyValuePairOfstringanyType>
        <KeyValuePairOfstringanyType>
          <d4p1:key>adx_websiteid</d4p1:key>
          <d4p1:value i:type="EntityReference">
            <Id>d78574f9-20c3-4dcc-8d8d-85cf5b7ac141</Id>
            <KeyAttributes xmlns:d7p1="http://schemas.microsoft.com/xrm/7.1/Contracts" />
            <LogicalName>adx_website</LogicalName>
            <Name>Custom Portal</Name>
            <RowVersion i:nil="true" />
          </d4p1:value>
        </KeyValuePairOfstringanyType>
        <KeyValuePairOfstringanyType>
          <d4p1:key>adx_publishingstateid</d4p1:key>
          <d4p1:value i:type="EntityReference">
            <Id>fd38c991-15d1-4591-81be-2745ba3a1752</Id>
            <KeyAttributes xmlns:d7p1="http://schemas.microsoft.com/xrm/7.1/Contracts" />
            <LogicalName>adx_publishingstate</LogicalName>
            <Name>Published</Name>
            <RowVersion i:nil="true" />
          </d4p1:value>
        </KeyValuePairOfstringanyType>
        <KeyValuePairOfstringanyType>
          <d4p1:key>adx_excludefromsearch</d4p1:key>
          <d4p1:value xmlns:d6p1="http://www.w3.org/2001/XMLSchema" i:type="d6p1:boolean">false</d4p1:value>
        </KeyValuePairOfstringanyType>
        <KeyValuePairOfstringanyType>
          <d4p1:key>adx_webpageid</d4p1:key>
          <d4p1:value xmlns:d6p1="http://schemas.microsoft.com/2003/10/Serialization/" i:type="d6p1:guid">1f06d2bc-046e-ea11-a811-000d3a579b82</d4p1:value>
        </KeyValuePairOfstringanyType>
        <KeyValuePairOfstringanyType>
          <d4p1:key>adx_releasedate</d4p1:key>
          <d4p1:value i:nil="true" />
        </KeyValuePairOfstringanyType>
        <KeyValuePairOfstringanyType>
          <d4p1:key>adx_isroot</d4p1:key>
          <d4p1:value xmlns:d6p1="http://www.w3.org/2001/XMLSchema" i:type="d6p1:boolean">true</d4p1:value>
        </KeyValuePairOfstringanyType>
        <KeyValuePairOfstringanyType>
          <d4p1:key>adx_enabletracking</d4p1:key>
          <d4p1:value xmlns:d6p1="http://www.w3.org/2001/XMLSchema" i:type="d6p1:boolean">false</d4p1:value>
        </KeyValuePairOfstringanyType>
        <KeyValuePairOfstringanyType>
          <d4p1:key>adx_name</d4p1:key>
          <d4p1:value xmlns:d6p1="http://www.w3.org/2001/XMLSchema" i:type="d6p1:string">Knowledge Base - Home</d4p1:value>
        </KeyValuePairOfstringanyType>
        <KeyValuePairOfstringanyType>
          <d4p1:key>ownerid</d4p1:key>
          <d4p1:value i:type="EntityReference">
            <Id>ce9a0cac-6a6a-ea11-a816-000d3a579c6e</Id>
            <KeyAttributes xmlns:d7p1="http://schemas.microsoft.com/xrm/7.1/Contracts" />
            <LogicalName>systemuser</LogicalName>
            <Name>User 03</Name>
            <RowVersion i:nil="true" />
          </d4p1:value>
        </KeyValuePairOfstringanyType>
        <KeyValuePairOfstringanyType>
          <d4p1:key>adx_title</d4p1:key>
          <d4p1:value i:nil="true" />
        </KeyValuePairOfstringanyType>
        <KeyValuePairOfstringanyType>
          <d4p1:key>adx_pagetemplateid</d4p1:key>
          <d4p1:value i:type="EntityReference">
            <Id>eab235ca-d56c-ea11-a811-000d3a579b82</Id>
            <KeyAttributes xmlns:d7p1="http://schemas.microsoft.com/xrm/7.1/Contracts" />
            <LogicalName>adx_pagetemplate</LogicalName>
            <Name>Portal Knowledge Base Home</Name>
            <RowVersion i:nil="true" />
          </d4p1:value>
        </KeyValuePairOfstringanyType>
        <KeyValuePairOfstringanyType>
          <d4p1:key>adx_hiddenfromsitemap</d4p1:key>
          <d4p1:value xmlns:d6p1="http://www.w3.org/2001/XMLSchema" i:type="d6p1:boolean">false</d4p1:value>
        </KeyValuePairOfstringanyType>
        <KeyValuePairOfstringanyType>
          <d4p1:key>adx_sharedpageconfiguration</d4p1:key>
          <d4p1:value xmlns:d6p1="http://www.w3.org/2001/XMLSchema" i:type="d6p1:boolean">true</d4p1:value>
        </KeyValuePairOfstringanyType>
        <KeyValuePairOfstringanyType>
          <d4p1:key>adx_modifiedbyusername</d4p1:key>
          <d4p1:value i:nil="true" />
        </KeyValuePairOfstringanyType>
        <KeyValuePairOfstringanyType>
          <d4p1:key>adx_feedbackpolicy</d4p1:key>
          <d4p1:value i:type="OptionSetValue">
            <Value>756150000</Value>
          </d4p1:value>
        </KeyValuePairOfstringanyType>
        <KeyValuePairOfstringanyType>
          <d4p1:key>adx_partialurl</d4p1:key>
          <d4p1:value xmlns:d6p1="http://www.w3.org/2001/XMLSchema" i:type="d6p1:string">knowledgebasehome</d4p1:value>
        </KeyValuePairOfstringanyType>
        <KeyValuePairOfstringanyType>
          <d4p1:key>adx_customjavascript</d4p1:key>
          <d4p1:value i:nil="true" />
        </KeyValuePairOfstringanyType>
        <KeyValuePairOfstringanyType>
          <d4p1:key>adx_enablerating</d4p1:key>
          <d4p1:value xmlns:d6p1="http://www.w3.org/2001/XMLSchema" i:type="d6p1:boolean">false</d4p1:value>
        </KeyValuePairOfstringanyType>
        <KeyValuePairOfstringanyType>
          <d4p1:key>adx_rootwebpageid</d4p1:key>
          <d4p1:value i:nil="true" />
        </KeyValuePairOfstringanyType>
        <KeyValuePairOfstringanyType>
          <d4p1:key>owneridtype</d4p1:key>
          <d4p1:value i:nil="true" />
        </KeyValuePairOfstringanyType>
        <KeyValuePairOfstringanyType>
          <d4p1:key>adx_image</d4p1:key>
          <d4p1:value i:nil="true" />
        </KeyValuePairOfstringanyType>
        <KeyValuePairOfstringanyType>
          <d4p1:key>adx_alloworigin</d4p1:key>
          <d4p1:value i:nil="true" />
        </KeyValuePairOfstringanyType>
        <KeyValuePairOfstringanyType>
          <d4p1:key>overriddencreatedon</d4p1:key>
          <d4p1:value i:nil="true" />
        </KeyValuePairOfstringanyType>
        <KeyValuePairOfstringanyType>
          <d4p1:key>adx_meta_description</d4p1:key>
          <d4p1:value i:nil="true" />
        </KeyValuePairOfstringanyType>
        <KeyValuePairOfstringanyType>
          <d4p1:key>adx_category</d4p1:key>
          <d4p1:value i:nil="true" />
        </KeyValuePairOfstringanyType>
        <KeyValuePairOfstringanyType>
          <d4p1:key>timezoneruleversionnumber</d4p1:key>
          <d4p1:value i:nil="true" />
        </KeyValuePairOfstringanyType>
        <KeyValuePairOfstringanyType>
          <d4p1:key>adx_customcss</d4p1:key>
          <d4p1:value i:nil="true" />
        </KeyValuePairOfstringanyType>
        <KeyValuePairOfstringanyType>
          <d4p1:key>adx_webpagelanguageid</d4p1:key>
          <d4p1:value i:nil="true" />
        </KeyValuePairOfstringanyType>
        <KeyValuePairOfstringanyType>
          <d4p1:key>adx_displaydate</d4p1:key>
          <d4p1:value i:nil="true" />
        </KeyValuePairOfstringanyType>
        <KeyValuePairOfstringanyType>
          <d4p1:key>adx_masterwebpageid</d4p1:key>
          <d4p1:value i:nil="true" />
        </KeyValuePairOfstringanyType>
        <KeyValuePairOfstringanyType>
          <d4p1:key>adx_copy</d4p1:key>
          <d4p1:value i:nil="true" />
        </KeyValuePairOfstringanyType>
        <KeyValuePairOfstringanyType>
          <d4p1:key>adx_subjectid</d4p1:key>
          <d4p1:value i:nil="true" />
        </KeyValuePairOfstringanyType>
        <KeyValuePairOfstringanyType>
          <d4p1:key>utcconversiontimezonecode</d4p1:key>
          <d4p1:value i:nil="true" />
        </KeyValuePairOfstringanyType>
        <KeyValuePairOfstringanyType>
          <d4p1:key>adx_createdbyipaddress</d4p1:key>
          <d4p1:value i:nil="true" />
        </KeyValuePairOfstringanyType>
        <KeyValuePairOfstringanyType>
          <d4p1:key>importsequencenumber</d4p1:key>
          <d4p1:value i:nil="true" />
        </KeyValuePairOfstringanyType>
        <KeyValuePairOfstringanyType>
          <d4p1:key>adx_createdbyusername</d4p1:key>
          <d4p1:value i:nil="true" />
        </KeyValuePairOfstringanyType>
        <KeyValuePairOfstringanyType>
          <d4p1:key>adx_expirationdate</d4p1:key>
          <d4p1:value i:nil="true" />
        </KeyValuePairOfstringanyType>
        <KeyValuePairOfstringanyType>
          <d4p1:key>adx_webform</d4p1:key>
          <d4p1:value i:nil="true" />
        </KeyValuePairOfstringanyType>
        <KeyValuePairOfstringanyType>
          <d4p1:key>adx_displayorder</d4p1:key>
          <d4p1:value i:nil="true" />
        </KeyValuePairOfstringanyType>
        <KeyValuePairOfstringanyType>
          <d4p1:key>adx_entitylist</d4p1:key>
          <d4p1:value i:nil="true" />
        </KeyValuePairOfstringanyType>
        <KeyValuePairOfstringanyType>
          <d4p1:key>adx_entityform</d4p1:key>
          <d4p1:value i:nil="true" />
        </KeyValuePairOfstringanyType>
        <KeyValuePairOfstringanyType>
          <d4p1:key>adx_authorid</d4p1:key>
          <d4p1:value i:nil="true" />
        </KeyValuePairOfstringanyType>
        <KeyValuePairOfstringanyType>
          <d4p1:key>adx_imageurl</d4p1:key>
          <d4p1:value i:nil="true" />
        </KeyValuePairOfstringanyType>
        <KeyValuePairOfstringanyType>
          <d4p1:key>adx_navigation</d4p1:key>
          <d4p1:value i:nil="true" />
        </KeyValuePairOfstringanyType>
        <KeyValuePairOfstringanyType>
          <d4p1:key>adx_modifiedbyipaddress</d4p1:key>
          <d4p1:value i:nil="true" />
        </KeyValuePairOfstringanyType>
        <KeyValuePairOfstringanyType>
          <d4p1:key>adx_summary</d4p1:key>
          <d4p1:value i:nil="true" />
        </KeyValuePairOfstringanyType>
        <KeyValuePairOfstringanyType>
          <d4p1:key>adx_editorialcomments</d4p1:key>
          <d4p1:value i:nil="true" />
        </KeyValuePairOfstringanyType>
      </Attributes>
      <EntityState i:nil="true" />
      <FormattedValues xmlns:d4p1="http://schemas.datacontract.org/2004/07/System.Collections.Generic">
        <KeyValuePairOfstringstring>
          <d4p1:key>statecode</d4p1:key>
          <d4p1:value>Active</d4p1:value>
        </KeyValuePairOfstringstring>
        <KeyValuePairOfstringstring>
          <d4p1:key>adx_parentpageid</d4p1:key>
          <d4p1:value>Home</d4p1:value>
        </KeyValuePairOfstringstring>
        <KeyValuePairOfstringstring>
          <d4p1:key>statuscode</d4p1:key>
          <d4p1:value>Active</d4p1:value>
        </KeyValuePairOfstringstring>
        <KeyValuePairOfstringstring>
          <d4p1:key>adx_websiteid</d4p1:key>
          <d4p1:value>Custom Portal</d4p1:value>
        </KeyValuePairOfstringstring>
        <KeyValuePairOfstringstring>
          <d4p1:key>adx_publishingstateid</d4p1:key>
          <d4p1:value>Published</d4p1:value>
        </KeyValuePairOfstringstring>
        <KeyValuePairOfstringstring>
          <d4p1:key>adx_excludefromsearch</d4p1:key>
          <d4p1:value>No</d4p1:value>
        </KeyValuePairOfstringstring>
        <KeyValuePairOfstringstring>
          <d4p1:key>createdon</d4p1:key>
          <d4p1:value>3/24/2020 3:22 PM</d4p1:value>
        </KeyValuePairOfstringstring>
        <KeyValuePairOfstringstring>
          <d4p1:key>adx_isroot</d4p1:key>
          <d4p1:value>Yes</d4p1:value>
        </KeyValuePairOfstringstring>
        <KeyValuePairOfstringstring>
          <d4p1:key>adx_enabletracking</d4p1:key>
          <d4p1:value>No</d4p1:value>
        </KeyValuePairOfstringstring>
        <KeyValuePairOfstringstring>
          <d4p1:key>ownerid</d4p1:key>
          <d4p1:value>User 03</d4p1:value>
        </KeyValuePairOfstringstring>
        <KeyValuePairOfstringstring>
          <d4p1:key>modifiedon</d4p1:key>
          <d4p1:value>3/24/2020 3:22 PM</d4p1:value>
        </KeyValuePairOfstringstring>
        <KeyValuePairOfstringstring>
          <d4p1:key>adx_pagetemplateid</d4p1:key>
          <d4p1:value>Portal Knowledge Base Home</d4p1:value>
        </KeyValuePairOfstringstring>
        <KeyValuePairOfstringstring>
          <d4p1:key>adx_hiddenfromsitemap</d4p1:key>
          <d4p1:value>No</d4p1:value>
        </KeyValuePairOfstringstring>
        <KeyValuePairOfstringstring>
          <d4p1:key>adx_sharedpageconfiguration</d4p1:key>
          <d4p1:value>Yes</d4p1:value>
        </KeyValuePairOfstringstring>
        <KeyValuePairOfstringstring>
          <d4p1:key>modifiedby</d4p1:key>
          <d4p1:value>User 03</d4p1:value>
        </KeyValuePairOfstringstring>
        <KeyValuePairOfstringstring>
          <d4p1:key>adx_feedbackpolicy</d4p1:key>
          <d4p1:value>Inherit</d4p1:value>
        </KeyValuePairOfstringstring>
        <KeyValuePairOfstringstring>
          <d4p1:key>createdby</d4p1:key>
          <d4p1:value>User 03</d4p1:value>
        </KeyValuePairOfstringstring>
        <KeyValuePairOfstringstring>
          <d4p1:key>adx_enablerating</d4p1:key>
          <d4p1:value>No</d4p1:value>
        </KeyValuePairOfstringstring>
      </FormattedValues>
      <Id>1f06d2bc-046e-ea11-a811-000d3a579b82</Id>
      <KeyAttributes xmlns:d4p1="http://schemas.microsoft.com/xrm/7.1/Contracts" xmlns:d4p2="http://schemas.datacontract.org/2004/07/System.Collections.Generic" />
      <LogicalName>adx_webpage</LogicalName>
      <RelatedEntities xmlns:d4p1="http://schemas.datacontract.org/2004/07/System.Collections.Generic" />
      <RowVersion>1917093</RowVersion>
    </Entity>
    <Entity>
      <Attributes xmlns:d4p1="http://schemas.datacontract.org/2004/07/System.Collections.Generic">
        <KeyValuePairOfstringanyType>
          <d4p1:key>statecode</d4p1:key>
          <d4p1:value i:type="OptionSetValue">
            <Value>0</Value>
          </d4p1:value>
        </KeyValuePairOfstringanyType>
        <KeyValuePairOfstringanyType>
          <d4p1:key>adx_parentpageid</d4p1:key>
          <d4p1:value i:type="EntityReference">
            <Id>de90d43b-1ff4-45f2-8de2-32eeb03c8878</Id>
            <KeyAttributes xmlns:d7p1="http://schemas.microsoft.com/xrm/7.1/Contracts" />
            <LogicalName>adx_webpage</LogicalName>
            <Name>Home</Name>
            <RowVersion i:nil="true" />
          </d4p1:value>
        </KeyValuePairOfstringanyType>
        <KeyValuePairOfstringanyType>
          <d4p1:key>statuscode</d4p1:key>
          <d4p1:value i:type="OptionSetValue">
            <Value>1</Value>
          </d4p1:value>
        </KeyValuePairOfstringanyType>
        <KeyValuePairOfstringanyType>
          <d4p1:key>adx_websiteid</d4p1:key>
          <d4p1:value i:type="EntityReference">
            <Id>d78574f9-20c3-4dcc-8d8d-85cf5b7ac141</Id>
            <KeyAttributes xmlns:d7p1="http://schemas.microsoft.com/xrm/7.1/Contracts" />
            <LogicalName>adx_website</LogicalName>
            <Name>Custom Portal</Name>
            <RowVersion i:nil="true" />
          </d4p1:value>
        </KeyValuePairOfstringanyType>
        <KeyValuePairOfstringanyType>
          <d4p1:key>adx_publishingstateid</d4p1:key>
          <d4p1:value i:type="EntityReference">
            <Id>fd38c991-15d1-4591-81be-2745ba3a1752</Id>
            <KeyAttributes xmlns:d7p1="http://schemas.microsoft.com/xrm/7.1/Contracts" />
            <LogicalName>adx_publishingstate</LogicalName>
            <Name>Published</Name>
            <RowVersion i:nil="true" />
          </d4p1:value>
        </KeyValuePairOfstringanyType>
        <KeyValuePairOfstringanyType>
          <d4p1:key>adx_excludefromsearch</d4p1:key>
          <d4p1:value xmlns:d6p1="http://www.w3.org/2001/XMLSchema" i:type="d6p1:boolean">false</d4p1:value>
        </KeyValuePairOfstringanyType>
        <KeyValuePairOfstringanyType>
          <d4p1:key>adx_webpageid</d4p1:key>
          <d4p1:value xmlns:d6p1="http://schemas.microsoft.com/2003/10/Serialization/" i:type="d6p1:guid">2d06d2bc-046e-ea11-a811-000d3a579b82</d4p1:value>
        </KeyValuePairOfstringanyType>
        <KeyValuePairOfstringanyType>
          <d4p1:key>adx_releasedate</d4p1:key>
          <d4p1:value i:nil="true" />
        </KeyValuePairOfstringanyType>
        <KeyValuePairOfstringanyType>
          <d4p1:key>adx_isroot</d4p1:key>
          <d4p1:value xmlns:d6p1="http://www.w3.org/2001/XMLSchema" i:type="d6p1:boolean">false</d4p1:value>
        </KeyValuePairOfstringanyType>
        <KeyValuePairOfstringanyType>
          <d4p1:key>adx_enabletracking</d4p1:key>
          <d4p1:value xmlns:d6p1="http://www.w3.org/2001/XMLSchema" i:type="d6p1:boolean">false</d4p1:value>
        </KeyValuePairOfstringanyType>
        <KeyValuePairOfstringanyType>
          <d4p1:key>adx_name</d4p1:key>
          <d4p1:value xmlns:d6p1="http://www.w3.org/2001/XMLSchema" i:type="d6p1:string">Knowledge Base - Home</d4p1:value>
        </KeyValuePairOfstringanyType>
        <KeyValuePairOfstringanyType>
          <d4p1:key>ownerid</d4p1:key>
          <d4p1:value i:type="EntityReference">
            <Id>ce9a0cac-6a6a-ea11-a816-000d3a579c6e</Id>
            <KeyAttributes xmlns:d7p1="http://schemas.microsoft.com/xrm/7.1/Contracts" />
            <LogicalName>systemuser</LogicalName>
            <Name>User 03</Name>
            <RowVersion i:nil="true" />
          </d4p1:value>
        </KeyValuePairOfstringanyType>
        <KeyValuePairOfstringanyType>
          <d4p1:key>adx_title</d4p1:key>
          <d4p1:value i:nil="true" />
        </KeyValuePairOfstringanyType>
        <KeyValuePairOfstringanyType>
          <d4p1:key>adx_pagetemplateid</d4p1:key>
          <d4p1:value i:type="EntityReference">
            <Id>eab235ca-d56c-ea11-a811-000d3a579b82</Id>
            <KeyAttributes xmlns:d7p1="http://schemas.microsoft.com/xrm/7.1/Contracts" />
            <LogicalName>adx_pagetemplate</LogicalName>
            <Name>Portal Knowledge Base Home</Name>
            <RowVersion i:nil="true" />
          </d4p1:value>
        </KeyValuePairOfstringanyType>
        <KeyValuePairOfstringanyType>
          <d4p1:key>adx_hiddenfromsitemap</d4p1:key>
          <d4p1:value xmlns:d6p1="http://www.w3.org/2001/XMLSchema" i:type="d6p1:boolean">false</d4p1:value>
        </KeyValuePairOfstringanyType>
        <KeyValuePairOfstringanyType>
          <d4p1:key>adx_rootwebpageid</d4p1:key>
          <d4p1:value i:type="EntityReference">
            <Id>1f06d2bc-046e-ea11-a811-000d3a579b82</Id>
            <KeyAttributes xmlns:d7p1="http://schemas.microsoft.com/xrm/7.1/Contracts" />
            <LogicalName>adx_webpage</LogicalName>
            <Name>Knowledge Base - Home</Name>
            <RowVersion i:nil="true" />
          </d4p1:value>
        </KeyValuePairOfstringanyType>
        <KeyValuePairOfstringanyType>
          <d4p1:key>adx_modifiedbyusername</d4p1:key>
          <d4p1:value i:nil="true" />
        </KeyValuePairOfstringanyType>
        <KeyValuePairOfstringanyType>
          <d4p1:key>adx_feedbackpolicy</d4p1:key>
          <d4p1:value i:type="OptionSetValue">
            <Value>756150000</Value>
          </d4p1:value>
        </KeyValuePairOfstringanyType>
        <KeyValuePairOfstringanyType>
          <d4p1:key>adx_partialurl</d4p1:key>
          <d4p1:value xmlns:d6p1="http://www.w3.org/2001/XMLSchema" i:type="d6p1:string">knowledgebasehome</d4p1:value>
        </KeyValuePairOfstringanyType>
        <KeyValuePairOfstringanyType>
          <d4p1:key>adx_customjavascript</d4p1:key>
          <d4p1:value i:nil="true" />
        </KeyValuePairOfstringanyType>
        <KeyValuePairOfstringanyType>
          <d4p1:key>adx_enablerating</d4p1:key>
          <d4p1:value xmlns:d6p1="http://www.w3.org/2001/XMLSchema" i:type="d6p1:boolean">false</d4p1:value>
        </KeyValuePairOfstringanyType>
        <KeyValuePairOfstringanyType>
          <d4p1:key>owneridtype</d4p1:key>
          <d4p1:value i:nil="true" />
        </KeyValuePairOfstringanyType>
        <KeyValuePairOfstringanyType>
          <d4p1:key>adx_sharedpageconfiguration</d4p1:key>
          <d4p1:value xmlns:d6p1="http://www.w3.org/2001/XMLSchema" i:type="d6p1:boolean">true</d4p1:value>
        </KeyValuePairOfstringanyType>
        <KeyValuePairOfstringanyType>
          <d4p1:key>adx_image</d4p1:key>
          <d4p1:value i:nil="true" />
        </KeyValuePairOfstringanyType>
        <KeyValuePairOfstringanyType>
          <d4p1:key>adx_webpagelanguageid</d4p1:key>
          <d4p1:value i:type="EntityReference">
            <Id>506014c5-7864-e611-80d7-00155db4fa48</Id>
            <KeyAttributes xmlns:d7p1="http://schemas.microsoft.com/xrm/7.1/Contracts" />
            <LogicalName>adx_websitelanguage</LogicalName>
            <Name>English</Name>
            <RowVersion i:nil="true" />
          </d4p1:value>
        </KeyValuePairOfstringanyType>
        <KeyValuePairOfstringanyType>
          <d4p1:key>adx_alloworigin</d4p1:key>
          <d4p1:value i:nil="true" />
        </KeyValuePairOfstringanyType>
        <KeyValuePairOfstringanyType>
          <d4p1:key>overriddencreatedon</d4p1:key>
          <d4p1:value i:nil="true" />
        </KeyValuePairOfstringanyType>
        <KeyValuePairOfstringanyType>
          <d4p1:key>adx_meta_description</d4p1:key>
          <d4p1:value i:nil="true" />
        </KeyValuePairOfstringanyType>
        <KeyValuePairOfstringanyType>
          <d4p1:key>adx_category</d4p1:key>
          <d4p1:value i:nil="true" />
        </KeyValuePairOfstringanyType>
        <KeyValuePairOfstringanyType>
          <d4p1:key>timezoneruleversionnumber</d4p1:key>
          <d4p1:value i:nil="true" />
        </KeyValuePairOfstringanyType>
        <KeyValuePairOfstringanyType>
          <d4p1:key>adx_customcss</d4p1:key>
          <d4p1:value i:nil="true" />
        </KeyValuePairOfstringanyType>
        <KeyValuePairOfstringanyType>
          <d4p1:key>adx_displaydate</d4p1:key>
          <d4p1:value i:nil="true" />
        </KeyValuePairOfstringanyType>
        <KeyValuePairOfstringanyType>
          <d4p1:key>adx_masterwebpageid</d4p1:key>
          <d4p1:value i:nil="true" />
        </KeyValuePairOfstringanyType>
        <KeyValuePairOfstringanyType>
          <d4p1:key>adx_copy</d4p1:key>
          <d4p1:value i:nil="true" />
        </KeyValuePairOfstringanyType>
        <KeyValuePairOfstringanyType>
          <d4p1:key>adx_subjectid</d4p1:key>
          <d4p1:value i:nil="true" />
        </KeyValuePairOfstringanyType>
        <KeyValuePairOfstringanyType>
          <d4p1:key>utcconversiontimezonecode</d4p1:key>
          <d4p1:value i:nil="true" />
        </KeyValuePairOfstringanyType>
        <KeyValuePairOfstringanyType>
          <d4p1:key>adx_createdbyipaddress</d4p1:key>
          <d4p1:value i:nil="true" />
        </KeyValuePairOfstringanyType>
        <KeyValuePairOfstringanyType>
          <d4p1:key>importsequencenumber</d4p1:key>
          <d4p1:value i:nil="true" />
        </KeyValuePairOfstringanyType>
        <KeyValuePairOfstringanyType>
          <d4p1:key>adx_createdbyusername</d4p1:key>
          <d4p1:value i:nil="true" />
        </KeyValuePairOfstringanyType>
        <KeyValuePairOfstringanyType>
          <d4p1:key>adx_expirationdate</d4p1:key>
          <d4p1:value i:nil="true" />
        </KeyValuePairOfstringanyType>
        <KeyValuePairOfstringanyType>
          <d4p1:key>adx_webform</d4p1:key>
          <d4p1:value i:nil="true" />
        </KeyValuePairOfstringanyType>
        <KeyValuePairOfstringanyType>
          <d4p1:key>adx_displayorder</d4p1:key>
          <d4p1:value i:nil="true" />
        </KeyValuePairOfstringanyType>
        <KeyValuePairOfstringanyType>
          <d4p1:key>adx_entitylist</d4p1:key>
          <d4p1:value i:nil="true" />
        </KeyValuePairOfstringanyType>
        <KeyValuePairOfstringanyType>
          <d4p1:key>adx_entityform</d4p1:key>
          <d4p1:value i:nil="true" />
        </KeyValuePairOfstringanyType>
        <KeyValuePairOfstringanyType>
          <d4p1:key>adx_authorid</d4p1:key>
          <d4p1:value i:nil="true" />
        </KeyValuePairOfstringanyType>
        <KeyValuePairOfstringanyType>
          <d4p1:key>adx_imageurl</d4p1:key>
          <d4p1:value i:nil="true" />
        </KeyValuePairOfstringanyType>
        <KeyValuePairOfstringanyType>
          <d4p1:key>adx_navigation</d4p1:key>
          <d4p1:value i:nil="true" />
        </KeyValuePairOfstringanyType>
        <KeyValuePairOfstringanyType>
          <d4p1:key>adx_modifiedbyipaddress</d4p1:key>
          <d4p1:value i:nil="true" />
        </KeyValuePairOfstringanyType>
        <KeyValuePairOfstringanyType>
          <d4p1:key>adx_summary</d4p1:key>
          <d4p1:value i:nil="true" />
        </KeyValuePairOfstringanyType>
        <KeyValuePairOfstringanyType>
          <d4p1:key>adx_editorialcomments</d4p1:key>
          <d4p1:value i:nil="true" />
        </KeyValuePairOfstringanyType>
      </Attributes>
      <EntityState i:nil="true" />
      <FormattedValues xmlns:d4p1="http://schemas.datacontract.org/2004/07/System.Collections.Generic">
        <KeyValuePairOfstringstring>
          <d4p1:key>statecode</d4p1:key>
          <d4p1:value>Active</d4p1:value>
        </KeyValuePairOfstringstring>
        <KeyValuePairOfstringstring>
          <d4p1:key>adx_parentpageid</d4p1:key>
          <d4p1:value>Home</d4p1:value>
        </KeyValuePairOfstringstring>
        <KeyValuePairOfstringstring>
          <d4p1:key>statuscode</d4p1:key>
          <d4p1:value>Active</d4p1:value>
        </KeyValuePairOfstringstring>
        <KeyValuePairOfstringstring>
          <d4p1:key>adx_websiteid</d4p1:key>
          <d4p1:value>Custom Portal</d4p1:value>
        </KeyValuePairOfstringstring>
        <KeyValuePairOfstringstring>
          <d4p1:key>adx_publishingstateid</d4p1:key>
          <d4p1:value>Published</d4p1:value>
        </KeyValuePairOfstringstring>
        <KeyValuePairOfstringstring>
          <d4p1:key>adx_excludefromsearch</d4p1:key>
          <d4p1:value>No</d4p1:value>
        </KeyValuePairOfstringstring>
        <KeyValuePairOfstringstring>
          <d4p1:key>createdon</d4p1:key>
          <d4p1:value>3/24/2020 3:22 PM</d4p1:value>
        </KeyValuePairOfstringstring>
        <KeyValuePairOfstringstring>
          <d4p1:key>adx_isroot</d4p1:key>
          <d4p1:value>No</d4p1:value>
        </KeyValuePairOfstringstring>
        <KeyValuePairOfstringstring>
          <d4p1:key>adx_enabletracking</d4p1:key>
          <d4p1:value>No</d4p1:value>
        </KeyValuePairOfstringstring>
        <KeyValuePairOfstringstring>
          <d4p1:key>ownerid</d4p1:key>
          <d4p1:value>User 03</d4p1:value>
        </KeyValuePairOfstringstring>
        <KeyValuePairOfstringstring>
          <d4p1:key>modifiedon</d4p1:key>
          <d4p1:value>3/24/2020 3:22 PM</d4p1:value>
        </KeyValuePairOfstringstring>
        <KeyValuePairOfstringstring>
          <d4p1:key>adx_pagetemplateid</d4p1:key>
          <d4p1:value>Portal Knowledge Base Home</d4p1:value>
        </KeyValuePairOfstringstring>
        <KeyValuePairOfstringstring>
          <d4p1:key>adx_hiddenfromsitemap</d4p1:key>
          <d4p1:value>No</d4p1:value>
        </KeyValuePairOfstringstring>
        <KeyValuePairOfstringstring>
          <d4p1:key>adx_rootwebpageid</d4p1:key>
          <d4p1:value>Knowledge Base - Home</d4p1:value>
        </KeyValuePairOfstringstring>
        <KeyValuePairOfstringstring>
          <d4p1:key>modifiedby</d4p1:key>
          <d4p1:value>User 03</d4p1:value>
        </KeyValuePairOfstringstring>
        <KeyValuePairOfstringstring>
          <d4p1:key>adx_feedbackpolicy</d4p1:key>
          <d4p1:value>Inherit</d4p1:value>
        </KeyValuePairOfstringstring>
        <KeyValuePairOfstringstring>
          <d4p1:key>createdby</d4p1:key>
          <d4p1:value>User 03</d4p1:value>
        </KeyValuePairOfstringstring>
        <KeyValuePairOfstringstring>
          <d4p1:key>adx_enablerating</d4p1:key>
          <d4p1:value>No</d4p1:value>
        </KeyValuePairOfstringstring>
        <KeyValuePairOfstringstring>
          <d4p1:key>adx_sharedpageconfiguration</d4p1:key>
          <d4p1:value>Yes</d4p1:value>
        </KeyValuePairOfstringstring>
        <KeyValuePairOfstringstring>
          <d4p1:key>adx_webpagelanguageid</d4p1:key>
          <d4p1:value>English</d4p1:value>
        </KeyValuePairOfstringstring>
      </FormattedValues>
      <Id>2d06d2bc-046e-ea11-a811-000d3a579b82</Id>
      <KeyAttributes xmlns:d4p1="http://schemas.microsoft.com/xrm/7.1/Contracts" xmlns:d4p2="http://schemas.datacontract.org/2004/07/System.Collections.Generic" />
      <LogicalName>adx_webpage</LogicalName>
      <RelatedEntities xmlns:d4p1="http://schemas.datacontract.org/2004/07/System.Collections.Generic" />
      <RowVersion>1917098</RowVersion>
    </Entity>
  </Entities>
  <EntityName i:nil="true" />
  <MinActiveRowVersion i:nil="true" />
  <MoreRecords>false</MoreRecords>
  <PagingCookie i:nil="true" />
  <TotalRecordCount>0</TotalRecordCount>
  <TotalRecordCountLimitExceeded>false</TotalRecordCountLimitExceeded>
</EntityCollection>