<ImportExportXml version="9.1.0.22558" SolutionPackageVersion="9.1" languagecode="1033" generatedBy="CrmLive" xmlns:xsi="http://www.w3.org/2001/XMLSchema-instance">
  <SolutionManifest>
    <UniqueName>Certify_Patch_68581c83</UniqueName>
    <LocalizedNames>
      <LocalizedName description="User Story 6650 BR" languagecode="1033" />
    </LocalizedNames>
    <Descriptions>
      <Description description="Patch for Certify" languagecode="1033" />
    </Descriptions>
    <ParentUniqueName>Certify</ParentUniqueName>
    <Version>1.8.86.1</Version>
    <Managed>0</Managed>
    <Publisher>
      <UniqueName>sbagcbd</UniqueName>
      <LocalizedNames>
        <LocalizedName description="SBA GCBD" languagecode="1033" />
      </LocalizedNames>
      <Descriptions />
      <EMailAddress>Stephen.Perry@sba.gov</EMailAddress>
      <SupportingWebsiteUrl xsi:nil="true"></SupportingWebsiteUrl>
      <CustomizationPrefix>sbagcbd</CustomizationPrefix>
      <CustomizationOptionValuePrefix>51722</CustomizationOptionValuePrefix>
      <Addresses>
        <Address>
          <AddressNumber>1</AddressNumber>
          <AddressTypeCode>1</AddressTypeCode>
          <City xsi:nil="true"></City>
          <County xsi:nil="true"></County>
          <Country xsi:nil="true"></Country>
          <Fax xsi:nil="true"></Fax>
          <FreightTermsCode xsi:nil="true"></FreightTermsCode>
          <ImportSequenceNumber xsi:nil="true"></ImportSequenceNumber>
          <Latitude xsi:nil="true"></Latitude>
          <Line1 xsi:nil="true"></Line1>
          <Line2 xsi:nil="true"></Line2>
          <Line3 xsi:nil="true"></Line3>
          <Longitude xsi:nil="true"></Longitude>
          <Name xsi:nil="true"></Name>
          <PostalCode xsi:nil="true"></PostalCode>
          <PostOfficeBox xsi:nil="true"></PostOfficeBox>
          <PrimaryContactName xsi:nil="true"></PrimaryContactName>
          <ShippingMethodCode>1</ShippingMethodCode>
          <StateOrProvince xsi:nil="true"></StateOrProvince>
          <Telephone1 xsi:nil="true"></Telephone1>
          <Telephone2 xsi:nil="true"></Telephone2>
          <Telephone3 xsi:nil="true"></Telephone3>
          <TimeZoneRuleVersionNumber xsi:nil="true"></TimeZoneRuleVersionNumber>
          <UPSZone xsi:nil="true"></UPSZone>
          <UTCOffset xsi:nil="true"></UTCOffset>
          <UTCConversionTimeZoneCode xsi:nil="true"></UTCConversionTimeZoneCode>
        </Address>
        <Address>
          <AddressNumber>2</AddressNumber>
          <AddressTypeCode>1</AddressTypeCode>
          <City xsi:nil="true"></City>
          <County xsi:nil="true"></County>
          <Country xsi:nil="true"></Country>
          <Fax xsi:nil="true"></Fax>
          <FreightTermsCode xsi:nil="true"></FreightTermsCode>
          <ImportSequenceNumber xsi:nil="true"></ImportSequenceNumber>
          <Latitude xsi:nil="true"></Latitude>
          <Line1 xsi:nil="true"></Line1>
          <Line2 xsi:nil="true"></Line2>
          <Line3 xsi:nil="true"></Line3>
          <Longitude xsi:nil="true"></Longitude>
          <Name xsi:nil="true"></Name>
          <PostalCode xsi:nil="true"></PostalCode>
          <PostOfficeBox xsi:nil="true"></PostOfficeBox>
          <PrimaryContactName xsi:nil="true"></PrimaryContactName>
          <ShippingMethodCode>1</ShippingMethodCode>
          <StateOrProvince xsi:nil="true"></StateOrProvince>
          <Telephone1 xsi:nil="true"></Telephone1>
          <Telephone2 xsi:nil="true"></Telephone2>
          <Telephone3 xsi:nil="true"></Telephone3>
          <TimeZoneRuleVersionNumber xsi:nil="true"></TimeZoneRuleVersionNumber>
          <UPSZone xsi:nil="true"></UPSZone>
          <UTCOffset xsi:nil="true"></UTCOffset>
          <UTCConversionTimeZoneCode xsi:nil="true"></UTCConversionTimeZoneCode>
        </Address>
      </Addresses>
    </Publisher>
    <RootComponents>
      <RootComponent type="1" schemaName="incident" behavior="2" />
      <RootComponent type="1" schemaName="sbagcbd_certifybpfexaminationofaconcern" behavior="0" />
      <RootComponent type="1" schemaName="sbagcbd_review" behavior="2" />
      <RootComponent type="9" schemaName="sbagcbd_eocpdreviewstagestatus" behavior="0" />
      <RootComponent type="9" schemaName="sbagcbd_eocsupervisorstagestatus" behavior="0" />
      <RootComponent type="9" schemaName="sbagcbd_eodprocessingstagestatus" behavior="0" />
      <RootComponent type="29" id="{1cb5cf81-868e-4845-9648-08cbc127ff3a}" behavior="0" />
      <RootComponent type="29" id="{23311460-abc2-4044-a5bb-26447099d7cf}" behavior="0" />
      <RootComponent type="29" id="{29589592-a119-4628-b28a-44d584acdebf}" behavior="0" />
      <RootComponent type="29" id="{308bc250-25d1-42ac-a592-805828fdcdf1}" behavior="0" />
      <RootComponent type="29" id="{a6e077ce-87e7-4430-b961-bb1102234f50}" behavior="0" />
      <RootComponent type="29" id="{ba796552-02c5-4fc7-bd01-b6b50bf260c5}" behavior="0" />
      <RootComponent type="29" id="{bd2ac5f4-44b9-485b-b9cc-9dfdce5773ea}" behavior="0" />
      <RootComponent type="29" id="{d0cb5fee-c2e7-4016-b7cd-19f8b85a52a4}" behavior="0" />
      <RootComponent type="29" id="{e0e8dea0-eb0d-4fb3-ab8f-a9cc1004a04a}" behavior="0" />
      <RootComponent type="29" id="{e221c954-27ad-4cd8-8bff-d190d2fd75f8}" behavior="0" />
      <RootComponent type="60" id="{7f00206f-2638-4c8a-b7a2-aad9dbdcce77}" behavior="0" />
      <RootComponent type="61" schemaName="sbagcbd_process_review_paramaters" behavior="0" />
      <RootComponent type="61" schemaName="sbagcbd_reviewLibrary.js" behavior="0" />
      <RootComponent type="61" schemaName="sbagcbd_testSample" behavior="0" />
    </RootComponents>
    <MissingDependencies>
      <MissingDependency>
        <Required key="0" type="1" schemaName="incident" displayName="Case" solution="msdynce_Service (9.0.5.56)" />
        <Dependent key="0" type="1" schemaName="incident" displayName="Case" />
      </MissingDependency>
      <MissingDependency>
        <Required key="1" type="1" schemaName="sbagcbd_review" displayName="Review" solution="Active" />
        <Dependent key="1" type="1" schemaName="sbagcbd_review" displayName="Review" />
      </MissingDependency>
      <MissingDependency>
        <Required key="2" type="1" schemaName="sbagcbd_individualcontributorssection" displayName="Individual Contributors Section" solution="Active" />
        <Dependent key="3" type="60" displayName="Flagged Question Review" parentDisplayName="Review" id="{7f00206f-2638-4c8a-b7a2-aad9dbdcce77}" />
      </MissingDependency>
      <MissingDependency>
        <Required key="4" type="1" schemaName="sbagcbd_section" displayName="Section" solution="Active" />
        <Dependent key="3" type="60" displayName="Flagged Question Review" parentDisplayName="Review" id="{7f00206f-2638-4c8a-b7a2-aad9dbdcce77}" />
      </MissingDependency>
      <MissingDependency>
        <Required key="5" type="1" schemaName="sbagcbd_casecard" displayName="Case Card" solution="Active" />
        <Dependent key="3" type="60" displayName="Flagged Question Review" parentDisplayName="Review" id="{7f00206f-2638-4c8a-b7a2-aad9dbdcce77}" />
      </MissingDependency>
      <MissingDependency>
        <Required key="6" type="2" schemaName="sbagcbd_primarypurposeofreviewtext" displayName="Primary Purpose of Review (other)" parentSchemaName="sbagcbd_review" parentDisplayName="Review" solution="Active" />
        <Dependent key="3" type="60" displayName="Flagged Question Review" parentDisplayName="Review" id="{7f00206f-2638-4c8a-b7a2-aad9dbdcce77}" />
      </MissingDependency>
      <MissingDependency>
        <Required key="7" type="2" schemaName="sbagcbd_materialchange" displayName="Material Change Type" parentSchemaName="sbagcbd_review" parentDisplayName="Review" solution="Active" />
        <Dependent key="3" type="60" displayName="Flagged Question Review" parentDisplayName="Review" id="{7f00206f-2638-4c8a-b7a2-aad9dbdcce77}" />
      </MissingDependency>
      <MissingDependency>
        <Required key="8" type="2" schemaName="statecode" displayName="Activity Status" parentSchemaName="sbagcbd_review" parentDisplayName="Review" solution="Active" />
        <Dependent key="3" type="60" displayName="Flagged Question Review" parentDisplayName="Review" id="{7f00206f-2638-4c8a-b7a2-aad9dbdcce77}" />
      </MissingDependency>
      <MissingDependency>
        <Required key="9" type="2" schemaName="sbagcbd_decertificationprogramdirectoractions" displayName="Decertification Program Director Actions" parentSchemaName="sbagcbd_review" parentDisplayName="Review" solution="Active" />
        <Dependent key="3" type="60" displayName="Flagged Question Review" parentDisplayName="Review" id="{7f00206f-2638-4c8a-b7a2-aad9dbdcce77}" />
      </MissingDependency>
      <MissingDependency>
        <Required key="10" type="2" schemaName="sbagcbd_decertificationteamleadrecommendation" displayName="Decertification Team Lead Recommendation" parentSchemaName="sbagcbd_review" parentDisplayName="Review" solution="Active" />
        <Dependent key="3" type="60" displayName="Flagged Question Review" parentDisplayName="Review" id="{7f00206f-2638-4c8a-b7a2-aad9dbdcce77}" />
      </MissingDependency>
      <MissingDependency>
        <Required key="11" type="2" schemaName="description" displayName="SBA Notes" parentSchemaName="sbagcbd_review" parentDisplayName="Review" solution="Active" />
        <Dependent key="3" type="60" displayName="Flagged Question Review" parentDisplayName="Review" id="{7f00206f-2638-4c8a-b7a2-aad9dbdcce77}" />
      </MissingDependency>
      <MissingDependency>
        <Required key="12" type="2" schemaName="regardingobjectid" displayName="Case" parentSchemaName="sbagcbd_review" parentDisplayName="Review" solution="Active" />
        <Dependent key="3" type="60" displayName="Flagged Question Review" parentDisplayName="Review" id="{7f00206f-2638-4c8a-b7a2-aad9dbdcce77}" />
      </MissingDependency>
      <MissingDependency>
        <Required key="13" type="2" schemaName="sbagcbd_externalnotes" displayName="External Notes" parentSchemaName="sbagcbd_review" parentDisplayName="Review" solution="Active" />
        <Dependent key="3" type="60" displayName="Flagged Question Review" parentDisplayName="Review" id="{7f00206f-2638-4c8a-b7a2-aad9dbdcce77}" />
      </MissingDependency>
      <MissingDependency>
        <Required key="14" type="2" schemaName="sbagcbd_individualcontributor" displayName="Individual Contributor" parentSchemaName="sbagcbd_review" parentDisplayName="Review" solution="Active" />
        <Dependent key="3" type="60" displayName="Flagged Question Review" parentDisplayName="Review" id="{7f00206f-2638-4c8a-b7a2-aad9dbdcce77}" />
      </MissingDependency>
      <MissingDependency>
        <Required key="15" type="2" schemaName="sbagcbd_individualcontributorsubsection" displayName="Individual Contributor Subsection" parentSchemaName="sbagcbd_review" parentDisplayName="Review" solution="Active" />
        <Dependent key="3" type="60" displayName="Flagged Question Review" parentDisplayName="Review" id="{7f00206f-2638-4c8a-b7a2-aad9dbdcce77}" />
      </MissingDependency>
      <MissingDependency>
        <Required key="16" type="2" schemaName="sbagcbd_questionreference" displayName="Question Reference" parentSchemaName="sbagcbd_review" parentDisplayName="Review" solution="Active" />
        <Dependent key="3" type="60" displayName="Flagged Question Review" parentDisplayName="Review" id="{7f00206f-2638-4c8a-b7a2-aad9dbdcce77}" />
      </MissingDependency>
      <MissingDependency>
        <Required key="17" type="2" schemaName="sbagcbd_card" displayName="Card" parentSchemaName="sbagcbd_review" parentDisplayName="Review" solution="Active" />
        <Dependent key="3" type="60" displayName="Flagged Question Review" parentDisplayName="Review" id="{7f00206f-2638-4c8a-b7a2-aad9dbdcce77}" />
      </MissingDependency>
      <MissingDependency>
        <Required key="18" type="2" schemaName="sbagcbd_notifyfirm" displayName="Notify Firm" parentSchemaName="sbagcbd_review" parentDisplayName="Review" solution="Active" />
        <Dependent key="3" type="60" displayName="Flagged Question Review" parentDisplayName="Review" id="{7f00206f-2638-4c8a-b7a2-aad9dbdcce77}" />
      </MissingDependency>
      <MissingDependency>
        <Required key="19" type="2" schemaName="sbagcbd_question" displayName="Question" parentSchemaName="sbagcbd_review" parentDisplayName="Review" solution="Active" />
        <Dependent key="3" type="60" displayName="Flagged Question Review" parentDisplayName="Review" id="{7f00206f-2638-4c8a-b7a2-aad9dbdcce77}" />
      </MissingDependency>
      <MissingDependency>
        <Required key="20" type="2" schemaName="sbagcbd_stage" displayName="Stage" parentSchemaName="sbagcbd_review" parentDisplayName="Review" solution="Active" />
        <Dependent key="3" type="60" displayName="Flagged Question Review" parentDisplayName="Review" id="{7f00206f-2638-4c8a-b7a2-aad9dbdcce77}" />
      </MissingDependency>
      <MissingDependency>
        <Required key="21" type="2" schemaName="sbagcbd_decertificationletter" displayName="Decertification Letter" parentSchemaName="sbagcbd_review" parentDisplayName="Review" solution="Active" />
        <Dependent key="3" type="60" displayName="Flagged Question Review" parentDisplayName="Review" id="{7f00206f-2638-4c8a-b7a2-aad9dbdcce77}" />
      </MissingDependency>
      <MissingDependency>
        <Required key="22" type="2" schemaName="sbagcbd_area" displayName="Area" parentSchemaName="sbagcbd_review" parentDisplayName="Review" solution="Active" />
        <Dependent key="3" type="60" displayName="Flagged Question Review" parentDisplayName="Review" id="{7f00206f-2638-4c8a-b7a2-aad9dbdcce77}" />
      </MissingDependency>
      <MissingDependency>
        <Required key="23" type="2" schemaName="sbagcbd_rfiduedateextensionreason" displayName="RFI Due Date Extension Reason" parentSchemaName="sbagcbd_review" parentDisplayName="Review" solution="Active" />
        <Dependent key="3" type="60" displayName="Flagged Question Review" parentDisplayName="Review" id="{7f00206f-2638-4c8a-b7a2-aad9dbdcce77}" />
      </MissingDependency>
      <MissingDependency>
        <Required key="24" type="2" schemaName="subject" displayName="Subject" parentSchemaName="sbagcbd_review" parentDisplayName="Review" solution="Active" />
        <Dependent key="3" type="60" displayName="Flagged Question Review" parentDisplayName="Review" id="{7f00206f-2638-4c8a-b7a2-aad9dbdcce77}" />
      </MissingDependency>
      <MissingDependency>
        <Required key="25" type="2" schemaName="sbagcbd_basisofcalculation" displayName="Basis of Calculation" parentSchemaName="sbagcbd_review" parentDisplayName="Review" solution="Active" />
        <Dependent key="3" type="60" displayName="Flagged Question Review" parentDisplayName="Review" id="{7f00206f-2638-4c8a-b7a2-aad9dbdcce77}" />
      </MissingDependency>
      <MissingDependency>
        <Required key="26" type="2" schemaName="sbagcbd_individualcontribsection" displayName="Individual Contrib Section" parentSchemaName="sbagcbd_review" parentDisplayName="Review" solution="Active" />
        <Dependent key="3" type="60" displayName="Flagged Question Review" parentDisplayName="Review" id="{7f00206f-2638-4c8a-b7a2-aad9dbdcce77}" />
      </MissingDependency>
      <MissingDependency>
        <Required key="27" type="2" schemaName="sbagcbd_otherreferral" displayName="Other Referral" parentSchemaName="sbagcbd_review" parentDisplayName="Review" solution="Active" />
        <Dependent key="3" type="60" displayName="Flagged Question Review" parentDisplayName="Review" id="{7f00206f-2638-4c8a-b7a2-aad9dbdcce77}" />
      </MissingDependency>
      <MissingDependency>
        <Required key="28" type="2" schemaName="sbagcbd_analystrecommendation" displayName="Analyst Recommendation" parentSchemaName="sbagcbd_review" parentDisplayName="Review" solution="Active" />
        <Dependent key="3" type="60" displayName="Flagged Question Review" parentDisplayName="Review" id="{7f00206f-2638-4c8a-b7a2-aad9dbdcce77}" />
      </MissingDependency>
      <MissingDependency>
        <Required key="29" type="2" schemaName="sbagcbd_rfiduedate" displayName="RFI Due Date" parentSchemaName="sbagcbd_review" parentDisplayName="Review" solution="Active" />
        <Dependent key="3" type="60" displayName="Flagged Question Review" parentDisplayName="Review" id="{7f00206f-2638-4c8a-b7a2-aad9dbdcce77}" />
      </MissingDependency>
      <MissingDependency>
        <Required key="30" type="2" schemaName="sbagcbd_hasindividualcontributors" displayName="Has Individual Contributors" parentSchemaName="sbagcbd_review" parentDisplayName="Review" solution="Active" />
        <Dependent key="3" type="60" displayName="Flagged Question Review" parentDisplayName="Review" id="{7f00206f-2638-4c8a-b7a2-aad9dbdcce77}" />
      </MissingDependency>
      <MissingDependency>
        <Required key="31" type="2" schemaName="sbagcbd_ogcreviewsupportingcomments" displayName="OGC Review Supporting Comments" parentSchemaName="sbagcbd_review" parentDisplayName="Review" solution="Active" />
        <Dependent key="3" type="60" displayName="Flagged Question Review" parentDisplayName="Review" id="{7f00206f-2638-4c8a-b7a2-aad9dbdcce77}" />
      </MissingDependency>
      <MissingDependency>
        <Required key="32" type="2" schemaName="createdon" displayName="Date Created" parentSchemaName="sbagcbd_review" parentDisplayName="Review" solution="Active" />
        <Dependent key="3" type="60" displayName="Flagged Question Review" parentDisplayName="Review" id="{7f00206f-2638-4c8a-b7a2-aad9dbdcce77}" />
      </MissingDependency>
      <MissingDependency>
        <Required key="33" type="2" schemaName="sbagcbd_analystchecklist" displayName="Analyst Checklist" parentSchemaName="sbagcbd_review" parentDisplayName="Review" solution="Active" />
        <Dependent key="3" type="60" displayName="Flagged Question Review" parentDisplayName="Review" id="{7f00206f-2638-4c8a-b7a2-aad9dbdcce77}" />
      </MissingDependency>
      <MissingDependency>
        <Required key="34" type="2" schemaName="sbagcbd_reasonforreview" displayName="Reason for Review" parentSchemaName="sbagcbd_review" parentDisplayName="Review" solution="Active" />
        <Dependent key="3" type="60" displayName="Flagged Question Review" parentDisplayName="Review" id="{7f00206f-2638-4c8a-b7a2-aad9dbdcce77}" />
      </MissingDependency>
      <MissingDependency>
        <Required key="35" type="2" schemaName="sbagcbd_oocreasonforreview" displayName="OOC Reason for Review" parentSchemaName="sbagcbd_review" parentDisplayName="Review" solution="Active" />
        <Dependent key="3" type="60" displayName="Flagged Question Review" parentDisplayName="Review" id="{7f00206f-2638-4c8a-b7a2-aad9dbdcce77}" />
      </MissingDependency>
      <MissingDependency>
        <Required key="36" type="2" schemaName="ownerid" displayName="Reviewer" parentSchemaName="sbagcbd_review" parentDisplayName="Review" solution="Active" />
        <Dependent key="3" type="60" displayName="Flagged Question Review" parentDisplayName="Review" id="{7f00206f-2638-4c8a-b7a2-aad9dbdcce77}" />
      </MissingDependency>
      <MissingDependency>
        <Required key="37" type="2" schemaName="sbagcbd_processstage" displayName="Process Stage" parentSchemaName="sbagcbd_review" parentDisplayName="Review" solution="Active" />
        <Dependent key="3" type="60" displayName="Flagged Question Review" parentDisplayName="Review" id="{7f00206f-2638-4c8a-b7a2-aad9dbdcce77}" />
      </MissingDependency>
      <MissingDependency>
        <Required key="38" type="2" schemaName="sbagcbd_sizestandardapplied" displayName="Size Standard Applied" parentSchemaName="sbagcbd_review" parentDisplayName="Review" solution="Active" />
        <Dependent key="3" type="60" displayName="Flagged Question Review" parentDisplayName="Review" id="{7f00206f-2638-4c8a-b7a2-aad9dbdcce77}" />
      </MissingDependency>
      <MissingDependency>
        <Required key="39" type="2" schemaName="sbagcbd_determination" displayName="Determination" parentSchemaName="sbagcbd_review" parentDisplayName="Review" solution="Active" />
        <Dependent key="3" type="60" displayName="Flagged Question Review" parentDisplayName="Review" id="{7f00206f-2638-4c8a-b7a2-aad9dbdcce77}" />
      </MissingDependency>
      <MissingDependency>
        <Required key="40" type="2" schemaName="sbagcbd_subsection" displayName="Subsection" parentSchemaName="sbagcbd_review" parentDisplayName="Review" solution="Active" />
        <Dependent key="3" type="60" displayName="Flagged Question Review" parentDisplayName="Review" id="{7f00206f-2638-4c8a-b7a2-aad9dbdcce77}" />
      </MissingDependency>
      <MissingDependency>
        <Required key="41" type="2" schemaName="sbagcbd_staticsubsection" displayName="Static Subsection" parentSchemaName="sbagcbd_review" parentDisplayName="Review" solution="Active" />
        <Dependent key="3" type="60" displayName="Flagged Question Review" parentDisplayName="Review" id="{7f00206f-2638-4c8a-b7a2-aad9dbdcce77}" />
      </MissingDependency>
      <MissingDependency>
        <Required key="42" type="2" schemaName="sbagcbd_primarypurposeofogcreview" displayName="Primary Purpose of Review" parentSchemaName="sbagcbd_review" parentDisplayName="Review" solution="Active" />
        <Dependent key="3" type="60" displayName="Flagged Question Review" parentDisplayName="Review" id="{7f00206f-2638-4c8a-b7a2-aad9dbdcce77}" />
      </MissingDependency>
      <MissingDependency>
        <Required key="43" type="10" schemaName="sbagcbd_processstage_sbagcbd_review_ProcessStage" displayName="sbagcbd_processstage_sbagcbd_review_ProcessStage" parentSchemaName="processstage" parentDisplayName="Process Stage" solution="Active" />
        <Dependent key="3" type="60" displayName="Flagged Question Review" parentDisplayName="Review" id="{7f00206f-2638-4c8a-b7a2-aad9dbdcce77}" />
      </MissingDependency>
      <MissingDependency>
        <Required key="44" type="10" schemaName="sbagcbd_sbagcbd_individualcontributorssection_sbagcbd_review_IndividualContribSection" displayName="sbagcbd_sbagcbd_individualcontributorssection_sbagcbd_review_IndividualContribSection" parentSchemaName="sbagcbd_individualcontributorssection" parentDisplayName="Individual Contributors Section" solution="Active" />
        <Dependent key="3" type="60" displayName="Flagged Question Review" parentDisplayName="Review" id="{7f00206f-2638-4c8a-b7a2-aad9dbdcce77}" />
      </MissingDependency>
      <MissingDependency>
        <Required key="45" type="10" schemaName="sbagcbd_sbagcbd_individualcontributorssubsections_sbagcbd_review_IndividualContributorSubsection" displayName="sbagcbd_sbagcbd_individualcontributorssubsections_sbagcbd_review_IndividualContributorSubsection" parentSchemaName="sbagcbd_individualcontributorssubsections" parentDisplayName="Individual Contributors Subsections" solution="Active" />
        <Dependent key="3" type="60" displayName="Flagged Question Review" parentDisplayName="Review" id="{7f00206f-2638-4c8a-b7a2-aad9dbdcce77}" />
      </MissingDependency>
      <MissingDependency>
        <Required key="46" type="10" schemaName="sbagcbd_CaseCardIncident_rel" displayName="sbagcbd_CaseCardIncident_rel" parentSchemaName="incident" parentDisplayName="Case" solution="Active" />
        <Dependent key="3" type="60" displayName="Flagged Question Review" parentDisplayName="Review" id="{7f00206f-2638-4c8a-b7a2-aad9dbdcce77}" />
      </MissingDependency>
      <MissingDependency>
        <Required key="47" type="10" schemaName="sbagcbd_IndividualContbr_Caseid_Incident" displayName="sbagcbd_IndividualContbr_Caseid_Incident" parentSchemaName="incident" parentDisplayName="Case" solution="Active" />
        <Dependent key="3" type="60" displayName="Flagged Question Review" parentDisplayName="Review" id="{7f00206f-2638-4c8a-b7a2-aad9dbdcce77}" />
      </MissingDependency>
      <MissingDependency>
        <Required key="48" type="10" schemaName="sbagcbd_sbagcbd_casecardsublevel1_sbagcbd_review_Subsection" displayName="sbagcbd_sbagcbd_casecardsublevel1_sbagcbd_review_Subsection" parentSchemaName="sbagcbd_casecardsublevel1" parentDisplayName="Case Card Sub Level 1" solution="Active" />
        <Dependent key="3" type="60" displayName="Flagged Question Review" parentDisplayName="Review" id="{7f00206f-2638-4c8a-b7a2-aad9dbdcce77}" />
      </MissingDependency>
      <MissingDependency>
        <Required key="49" type="10" schemaName="sbagcbd_review_IndividualContributor_sbag" displayName="sbagcbd_review_IndividualContributor_sbag" parentSchemaName="sbagcbd_individualcontbr" parentDisplayName="Individual Contributor" solution="Active" />
        <Dependent key="3" type="60" displayName="Flagged Question Review" parentDisplayName="Review" id="{7f00206f-2638-4c8a-b7a2-aad9dbdcce77}" />
      </MissingDependency>
      <MissingDependency>
        <Required key="50" type="10" schemaName="sbagcbd_sbagcbd_section_sbagcbd_question_Section" displayName="sbagcbd_sbagcbd_section_sbagcbd_question_Section" parentSchemaName="sbagcbd_section" parentDisplayName="Section" solution="Active" />
        <Dependent key="3" type="60" displayName="Flagged Question Review" parentDisplayName="Review" id="{7f00206f-2638-4c8a-b7a2-aad9dbdcce77}" />
      </MissingDependency>
      <MissingDependency>
        <Required key="51" type="10" schemaName="sbagcbd_mailmergetemplate_sbagcbd_review_DecertificationLetter" displayName="sbagcbd_mailmergetemplate_sbagcbd_review_DecertificationLetter" parentSchemaName="mailmergetemplate" parentDisplayName="Mail Merge Template" solution="Active" />
        <Dependent key="3" type="60" displayName="Flagged Question Review" parentDisplayName="Review" id="{7f00206f-2638-4c8a-b7a2-aad9dbdcce77}" />
      </MissingDependency>
      <MissingDependency>
        <Required key="52" type="10" schemaName="sbagcbd_sbagcbd_review_task_Review" displayName="sbagcbd_sbagcbd_review_task_Review" parentSchemaName="sbagcbd_review" parentDisplayName="Review" solution="Active" />
        <Dependent key="3" type="60" displayName="Flagged Question Review" parentDisplayName="Review" id="{7f00206f-2638-4c8a-b7a2-aad9dbdcce77}" />
      </MissingDependency>
      <MissingDependency>
        <Required key="53" type="10" schemaName="sbagcbd_sbagcbd_question_sbagcbd_review_Question" displayName="sbagcbd_sbagcbd_question_sbagcbd_review_Question" parentSchemaName="sbagcbd_question" parentDisplayName="Question" solution="Active" />
        <Dependent key="3" type="60" displayName="Flagged Question Review" parentDisplayName="Review" id="{7f00206f-2638-4c8a-b7a2-aad9dbdcce77}" />
      </MissingDependency>
      <MissingDependency>
        <Required key="54" type="10" schemaName="sbagcbd_CaseCardSubLevel1_rel" displayName="sbagcbd_CaseCardSubLevel1_rel" parentSchemaName="sbagcbd_casecard" parentDisplayName="Case Card" solution="Active" />
        <Dependent key="3" type="60" displayName="Flagged Question Review" parentDisplayName="Review" id="{7f00206f-2638-4c8a-b7a2-aad9dbdcce77}" />
      </MissingDependency>
      <MissingDependency>
        <Required key="55" type="10" schemaName="sbagcbd_sbagcbd_casecard_sbagcbd_review_Card" displayName="sbagcbd_sbagcbd_casecard_sbagcbd_review_Card" parentSchemaName="sbagcbd_casecard" parentDisplayName="Case Card" solution="Active" />
        <Dependent key="3" type="60" displayName="Flagged Question Review" parentDisplayName="Review" id="{7f00206f-2638-4c8a-b7a2-aad9dbdcce77}" />
      </MissingDependency>
      <MissingDependency>
        <Required key="56" type="10" schemaName="sbagcbd_sbagcbd_individualcontributorssection_sbagcbd_individualcontributorssubsections_ICSection" displayName="sbagcbd_sbagcbd_individualcontributorssection_sbagcbd_individualcontributorssubsections_ICSection" parentSchemaName="sbagcbd_individualcontributorssection" parentDisplayName="Individual Contributors Section" solution="Active" />
        <Dependent key="3" type="60" displayName="Flagged Question Review" parentDisplayName="Review" id="{7f00206f-2638-4c8a-b7a2-aad9dbdcce77}" />
      </MissingDependency>
      <MissingDependency>
        <Required key="57" type="26" schemaName="Individual Contributor Lookup View" displayName="Individual Contributor Lookup View" parentSchemaName="sbagcbd_individualcontbr" parentDisplayName="Individual Contributor" solution="Active" id="{8e446cfd-7278-497f-8ce9-9a8898fe0559}" />
        <Dependent key="3" type="60" displayName="Flagged Question Review" parentDisplayName="Review" id="{7f00206f-2638-4c8a-b7a2-aad9dbdcce77}" />
      </MissingDependency>
      <MissingDependency>
        <Required key="58" type="26" schemaName="Individual Contributors Subsections Lookup View" displayName="Individual Contributors Subsections Lookup View" parentSchemaName="sbagcbd_individualcontributorssubsections" parentDisplayName="Individual Contributors Subsections" solution="Active" id="{70f325ff-e169-43fc-9295-94e220fc7b1f}" />
        <Dependent key="3" type="60" displayName="Flagged Question Review" parentDisplayName="Review" id="{7f00206f-2638-4c8a-b7a2-aad9dbdcce77}" />
      </MissingDependency>
      <MissingDependency>
        <Required key="59" type="26" schemaName="Case Card Lookup View" displayName="Case Card Lookup View" parentSchemaName="sbagcbd_casecard" parentDisplayName="Case Card" solution="Active" id="{1b36ba94-87fb-4a34-bdfb-c2c296bd967e}" />
        <Dependent key="3" type="60" displayName="Flagged Question Review" parentDisplayName="Review" id="{7f00206f-2638-4c8a-b7a2-aad9dbdcce77}" />
      </MissingDependency>
      <MissingDependency>
        <Required key="60" type="26" schemaName="Individual Contributors Section Lookup View" displayName="Individual Contributors Section Lookup View" parentSchemaName="sbagcbd_individualcontributorssection" parentDisplayName="Individual Contributors Section" solution="Active" id="{ee3fa17f-972e-4796-80e1-1b5e979c9c75}" />
        <Dependent key="3" type="60" displayName="Flagged Question Review" parentDisplayName="Review" id="{7f00206f-2638-4c8a-b7a2-aad9dbdcce77}" />
      </MissingDependency>
      <MissingDependency>
        <Required key="61" type="26" schemaName="Case Card Sub Level 1 Lookup View" displayName="Case Card Sub Level 1 Lookup View" parentSchemaName="sbagcbd_casecardsublevel1" parentDisplayName="Case Card Sub Level 1" solution="Active" id="{a775471e-f07e-4f06-a5ff-882710f7b17d}" />
        <Dependent key="3" type="60" displayName="Flagged Question Review" parentDisplayName="Review" id="{7f00206f-2638-4c8a-b7a2-aad9dbdcce77}" />
      </MissingDependency>
      <MissingDependency>
        <Required key="62" type="26" schemaName="Question Lookup View" displayName="Question Lookup View" parentSchemaName="sbagcbd_question" parentDisplayName="Question" solution="Active" id="{ca649d5c-aa99-41e5-bb77-b18e5e5a9085}" />
        <Dependent key="3" type="60" displayName="Flagged Question Review" parentDisplayName="Review" id="{7f00206f-2638-4c8a-b7a2-aad9dbdcce77}" />
      </MissingDependency>
      <MissingDependency>
        <Required key="63" type="59" schemaName="Tasks by Month Due" displayName="Tasks by Month Due" parentSchemaName="task" parentDisplayName="Task" solution="msdynce_AppCommon (9.0.4.0066)" id="{9e6a8b06-6d14-46e6-bbf5-95c388c6eb7a}" />
        <Dependent key="3" type="60" displayName="Flagged Question Review" parentDisplayName="Review" id="{7f00206f-2638-4c8a-b7a2-aad9dbdcce77}" />
      </MissingDependency>
      <MissingDependency>
        <Required key="64" type="61" schemaName="sbagcbd_voluntarywithdrawalquestions.html" displayName="sbagcbd_voluntarywithdrawalquestions.html" solution="Active" />
        <Dependent key="3" type="60" displayName="Flagged Question Review" parentDisplayName="Review" id="{7f00206f-2638-4c8a-b7a2-aad9dbdcce77}" />
      </MissingDependency>
      <MissingDependency>
        <Required key="65" type="61" schemaName="sbagcbd_annualupdatequestions.html" displayName="sbagcbd_annualupdatequestions.html" solution="Active" />
        <Dependent key="3" type="60" displayName="Flagged Question Review" parentDisplayName="Review" id="{7f00206f-2638-4c8a-b7a2-aad9dbdcce77}" />
      </MissingDependency>
      <MissingDependency>
        <Required key="66" type="1" schemaName="sbagcbd_uploadeddocument" displayName="Uploaded Document" solution="Active" />
        <Dependent key="67" type="29" displayName="Case - onDemand - Send Final Decert and change Submission Status to withdrawan" id="{23311460-abc2-4044-a5bb-26447099d7cf}" />
      </MissingDependency>
      <MissingDependency>
        <Required key="68" type="1" schemaName="sbagcbd_decertification" displayName="Decertification" solution="Active" />
        <Dependent key="67" type="29" displayName="Case - onDemand - Send Final Decert and change Submission Status to withdrawan" id="{23311460-abc2-4044-a5bb-26447099d7cf}" />
      </MissingDependency>
      <MissingDependency>
        <Required key="69" type="2" schemaName="sbagcbd_convertpdfdocument" displayName="Convert PDF Document" parentSchemaName="incident" parentDisplayName="Case" solution="Active" />
        <Dependent key="67" type="29" displayName="Case - onDemand - Send Final Decert and change Submission Status to withdrawan" id="{23311460-abc2-4044-a5bb-26447099d7cf}" />
      </MissingDependency>
      <MissingDependency>
        <Required key="70" type="2" schemaName="incidentid" displayName="Case" parentSchemaName="incident" parentDisplayName="Case" solution="msdynce_Service (9.0.5.56)" />
        <Dependent key="67" type="29" displayName="Case - onDemand - Send Final Decert and change Submission Status to withdrawan" id="{23311460-abc2-4044-a5bb-26447099d7cf}" />
      </MissingDependency>
      <MissingDependency>
        <Required key="71" type="2" schemaName="sbagcbd_converttopdf" displayName="Convert To PDF" parentSchemaName="sbagcbd_uploadeddocument" parentDisplayName="Uploaded Document" solution="Active" />
        <Dependent key="67" type="29" displayName="Case - onDemand - Send Final Decert and change Submission Status to withdrawan" id="{23311460-abc2-4044-a5bb-26447099d7cf}" />
      </MissingDependency>
      <MissingDependency>
        <Required key="72" type="2" schemaName="sbagcbd_decertificationinfo" displayName="Decertification Info" parentSchemaName="incident" parentDisplayName="Case" solution="Active" />
        <Dependent key="67" type="29" displayName="Case - onDemand - Send Final Decert and change Submission Status to withdrawan" id="{23311460-abc2-4044-a5bb-26447099d7cf}" />
      </MissingDependency>
      <MissingDependency>
        <Required key="73" type="2" schemaName="title" displayName="Case Title" parentSchemaName="incident" parentDisplayName="Case" solution="msdynce_Service (9.0.5.56)" />
        <Dependent key="67" type="29" displayName="Case - onDemand - Send Final Decert and change Submission Status to withdrawan" id="{23311460-abc2-4044-a5bb-26447099d7cf}" />
      </MissingDependency>
      <MissingDependency>
        <Required key="74" type="2" schemaName="sbagcbd_casesubmissionstatus" displayName="Case Submission Status" parentSchemaName="incident" parentDisplayName="Case" solution="Active" />
        <Dependent key="67" type="29" displayName="Case - onDemand - Send Final Decert and change Submission Status to withdrawan" id="{23311460-abc2-4044-a5bb-26447099d7cf}" />
      </MissingDependency>
      <MissingDependency>
        <Required key="75" type="2" schemaName="sbagcbd_uploadeddocumentid" displayName="Uploaded Document" parentSchemaName="sbagcbd_uploadeddocument" parentDisplayName="Uploaded Document" solution="Active" />
        <Dependent key="67" type="29" displayName="Case - onDemand - Send Final Decert and change Submission Status to withdrawan" id="{23311460-abc2-4044-a5bb-26447099d7cf}" />
      </MissingDependency>
      <MissingDependency>
        <Required key="76" type="2" schemaName="sbagcbd_name" displayName="Name" parentSchemaName="sbagcbd_decertification" parentDisplayName="Decertification" solution="Active" />
        <Dependent key="67" type="29" displayName="Case - onDemand - Send Final Decert and change Submission Status to withdrawan" id="{23311460-abc2-4044-a5bb-26447099d7cf}" />
      </MissingDependency>
      <MissingDependency>
        <Required key="77" type="2" schemaName="sbagcbd_decertificationid" displayName="Decertification" parentSchemaName="sbagcbd_decertification" parentDisplayName="Decertification" solution="Active" />
        <Dependent key="67" type="29" displayName="Case - onDemand - Send Final Decert and change Submission Status to withdrawan" id="{23311460-abc2-4044-a5bb-26447099d7cf}" />
      </MissingDependency>
      <MissingDependency>
        <Required key="78" type="2" schemaName="sbagcbd_documenttitle" displayName="Document Title" parentSchemaName="sbagcbd_uploadeddocument" parentDisplayName="Uploaded Document" solution="Active" />
        <Dependent key="67" type="29" displayName="Case - onDemand - Send Final Decert and change Submission Status to withdrawan" id="{23311460-abc2-4044-a5bb-26447099d7cf}" />
      </MissingDependency>
      <MissingDependency>
        <Required key="79" type="2" schemaName="sbagcbd_decertletteruploadeddocument" displayName="Decert Letter Uploaded Document" parentSchemaName="sbagcbd_decertification" parentDisplayName="Decertification" solution="Active" />
        <Dependent key="67" type="29" displayName="Case - onDemand - Send Final Decert and change Submission Status to withdrawan" id="{23311460-abc2-4044-a5bb-26447099d7cf}" />
      </MissingDependency>
      <MissingDependency>
        <Required key="80" type="10" schemaName="sbagcbd_IncidentConvertPDFDocument_rel" displayName="sbagcbd_IncidentConvertPDFDocument_rel" parentSchemaName="sbagcbd_uploadeddocument" parentDisplayName="Uploaded Document" solution="Active" />
        <Dependent key="67" type="29" displayName="Case - onDemand - Send Final Decert and change Submission Status to withdrawan" id="{23311460-abc2-4044-a5bb-26447099d7cf}" />
      </MissingDependency>
      <MissingDependency>
        <Required key="81" type="10" schemaName="sbagcbd_Incident_DecertificationInfo_sbagcbd_Dece" displayName="sbagcbd_Incident_DecertificationInfo_sbagcbd_Dece" parentSchemaName="sbagcbd_decertification" parentDisplayName="Decertification" solution="Active" />
        <Dependent key="67" type="29" displayName="Case - onDemand - Send Final Decert and change Submission Status to withdrawan" id="{23311460-abc2-4044-a5bb-26447099d7cf}" />
      </MissingDependency>
      <MissingDependency>
        <Required key="73" type="2" schemaName="title" displayName="Case Title" parentSchemaName="incident" parentDisplayName="Case" solution="msdynce_Service (9.0.5.56)" />
        <Dependent key="82" type="29" displayName="Case - onChange of EOC Supervisor Status" id="{ba796552-02c5-4fc7-bd01-b6b50bf260c5}" />
      </MissingDependency>
      <MissingDependency>
        <Required key="70" type="2" schemaName="incidentid" displayName="Case" parentSchemaName="incident" parentDisplayName="Case" solution="msdynce_Service (9.0.5.56)" />
        <Dependent key="82" type="29" displayName="Case - onChange of EOC Supervisor Status" id="{ba796552-02c5-4fc7-bd01-b6b50bf260c5}" />
      </MissingDependency>
      <MissingDependency>
        <Required key="83" type="90" schemaName="msdyncrmWorkflowTools.Class.SetProcessStage, msdyncrmWorkflowTools, Version=1.0.58.0, Culture=neutral, PublicKeyToken=416e876b9bee261e" displayName="Set Process Stage" solution="Dynamics365WorkflowTools (1.0.58.0)" id="{cceed0a8-a2e5-485b-a063-a36179c08ab1}" />
        <Dependent key="82" type="29" displayName="Case - onChange of EOC Supervisor Status" id="{ba796552-02c5-4fc7-bd01-b6b50bf260c5}" />
      </MissingDependency>
      <MissingDependency>
        <Required key="73" type="2" schemaName="title" displayName="Case Title" parentSchemaName="incident" parentDisplayName="Case" solution="msdynce_Service (9.0.5.56)" />
        <Dependent key="84" type="29" displayName="Case - onDemand - Send Back to Analyst in EOC" id="{a6e077ce-87e7-4430-b961-bb1102234f50}" />
      </MissingDependency>
      <MissingDependency>
        <Required key="70" type="2" schemaName="incidentid" displayName="Case" parentSchemaName="incident" parentDisplayName="Case" solution="msdynce_Service (9.0.5.56)" />
        <Dependent key="84" type="29" displayName="Case - onDemand - Send Back to Analyst in EOC" id="{a6e077ce-87e7-4430-b961-bb1102234f50}" />
      </MissingDependency>
      <MissingDependency>
        <Required key="83" type="90" schemaName="msdyncrmWorkflowTools.Class.SetProcessStage, msdyncrmWorkflowTools, Version=1.0.58.0, Culture=neutral, PublicKeyToken=416e876b9bee261e" displayName="Set Process Stage" solution="Dynamics365WorkflowTools (1.0.58.0)" id="{cceed0a8-a2e5-485b-a063-a36179c08ab1}" />
        <Dependent key="84" type="29" displayName="Case - onDemand - Send Back to Analyst in EOC" id="{a6e077ce-87e7-4430-b961-bb1102234f50}" />
      </MissingDependency>
      <MissingDependency>
        <Required key="70" type="2" schemaName="incidentid" displayName="Case" parentSchemaName="incident" parentDisplayName="Case" solution="msdynce_Service (9.0.5.56)" />
        <Dependent key="85" type="29" displayName="Case - onChange of EOC PD Status" id="{308bc250-25d1-42ac-a592-805828fdcdf1}" />
      </MissingDependency>
      <MissingDependency>
        <Required key="73" type="2" schemaName="title" displayName="Case Title" parentSchemaName="incident" parentDisplayName="Case" solution="msdynce_Service (9.0.5.56)" />
        <Dependent key="85" type="29" displayName="Case - onChange of EOC PD Status" id="{308bc250-25d1-42ac-a592-805828fdcdf1}" />
      </MissingDependency>
      <MissingDependency>
        <Required key="83" type="90" schemaName="msdyncrmWorkflowTools.Class.SetProcessStage, msdyncrmWorkflowTools, Version=1.0.58.0, Culture=neutral, PublicKeyToken=416e876b9bee261e" displayName="Set Process Stage" solution="Dynamics365WorkflowTools (1.0.58.0)" id="{cceed0a8-a2e5-485b-a063-a36179c08ab1}" />
        <Dependent key="85" type="29" displayName="Case - onChange of EOC PD Status" id="{308bc250-25d1-42ac-a592-805828fdcdf1}" />
      </MissingDependency>
      <MissingDependency>
        <Required key="12" type="2" schemaName="regardingobjectid" displayName="Case" parentSchemaName="sbagcbd_review" parentDisplayName="Review" solution="Active" />
        <Dependent key="86" type="29" displayName="Review - If Examination of a Concern and NOT Material Change, change to EOC BPF" id="{29589592-a119-4628-b28a-44d584acdebf}" />
      </MissingDependency>
      <MissingDependency>
        <Required key="70" type="2" schemaName="incidentid" displayName="Case" parentSchemaName="incident" parentDisplayName="Case" solution="msdynce_Service (9.0.5.56)" />
        <Dependent key="86" type="29" displayName="Review - If Examination of a Concern and NOT Material Change, change to EOC BPF" id="{29589592-a119-4628-b28a-44d584acdebf}" />
      </MissingDependency>
      <MissingDependency>
        <Required key="24" type="2" schemaName="subject" displayName="Subject" parentSchemaName="sbagcbd_review" parentDisplayName="Review" solution="Active" />
        <Dependent key="86" type="29" displayName="Review - If Examination of a Concern and NOT Material Change, change to EOC BPF" id="{29589592-a119-4628-b28a-44d584acdebf}" />
      </MissingDependency>
      <MissingDependency>
        <Required key="87" type="2" schemaName="sbagcbd_bpf" displayName="BPF" parentSchemaName="incident" parentDisplayName="Case" solution="Active" />
        <Dependent key="86" type="29" displayName="Review - If Examination of a Concern and NOT Material Change, change to EOC BPF" id="{29589592-a119-4628-b28a-44d584acdebf}" />
      </MissingDependency>
      <MissingDependency>
        <Required key="34" type="2" schemaName="sbagcbd_reasonforreview" displayName="Reason for Review" parentSchemaName="sbagcbd_review" parentDisplayName="Review" solution="Active" />
        <Dependent key="86" type="29" displayName="Review - If Examination of a Concern and NOT Material Change, change to EOC BPF" id="{29589592-a119-4628-b28a-44d584acdebf}" />
      </MissingDependency>
      <MissingDependency>
        <Required key="88" type="2" schemaName="activityid" displayName="Activity" parentSchemaName="sbagcbd_review" parentDisplayName="Review" solution="Active" />
        <Dependent key="86" type="29" displayName="Review - If Examination of a Concern and NOT Material Change, change to EOC BPF" id="{29589592-a119-4628-b28a-44d584acdebf}" />
      </MissingDependency>
      <MissingDependency>
        <Required key="73" type="2" schemaName="title" displayName="Case Title" parentSchemaName="incident" parentDisplayName="Case" solution="msdynce_Service (9.0.5.56)" />
        <Dependent key="86" type="29" displayName="Review - If Examination of a Concern and NOT Material Change, change to EOC BPF" id="{29589592-a119-4628-b28a-44d584acdebf}" />
      </MissingDependency>
      <MissingDependency>
        <Required key="89" type="90" schemaName="msdyncrmWorkflowTools.Class.SetProcess, msdyncrmWorkflowTools, Version=1.0.58.0, Culture=neutral, PublicKeyToken=416e876b9bee261e" displayName="Set Process" solution="Dynamics365WorkflowTools (1.0.58.0)" id="{ca8a8ec4-067f-4158-be14-bff6bc461779}" />
        <Dependent key="86" type="29" displayName="Review - If Examination of a Concern and NOT Material Change, change to EOC BPF" id="{29589592-a119-4628-b28a-44d584acdebf}" />
      </MissingDependency>
      <MissingDependency>
        <Required key="87" type="2" schemaName="sbagcbd_bpf" displayName="BPF" parentSchemaName="incident" parentDisplayName="Case" solution="Active" />
        <Dependent key="90" type="29" displayName="Case - onChange of EOC PD Review - Change BPF to Default if applicable for EOC" id="{e221c954-27ad-4cd8-8bff-d190d2fd75f8}" />
      </MissingDependency>
      <MissingDependency>
        <Required key="73" type="2" schemaName="title" displayName="Case Title" parentSchemaName="incident" parentDisplayName="Case" solution="msdynce_Service (9.0.5.56)" />
        <Dependent key="90" type="29" displayName="Case - onChange of EOC PD Review - Change BPF to Default if applicable for EOC" id="{e221c954-27ad-4cd8-8bff-d190d2fd75f8}" />
      </MissingDependency>
      <MissingDependency>
        <Required key="70" type="2" schemaName="incidentid" displayName="Case" parentSchemaName="incident" parentDisplayName="Case" solution="msdynce_Service (9.0.5.56)" />
        <Dependent key="90" type="29" displayName="Case - onChange of EOC PD Review - Change BPF to Default if applicable for EOC" id="{e221c954-27ad-4cd8-8bff-d190d2fd75f8}" />
      </MissingDependency>
      <MissingDependency>
        <Required key="91" type="29" displayName="Certify Internal Process" solution="Active" id="{09140aff-f01a-4aa8-b88a-68417b8dc885}" />
        <Dependent key="90" type="29" displayName="Case - onChange of EOC PD Review - Change BPF to Default if applicable for EOC" id="{e221c954-27ad-4cd8-8bff-d190d2fd75f8}" />
      </MissingDependency>
      <MissingDependency>
        <Required key="89" type="90" schemaName="msdyncrmWorkflowTools.Class.SetProcess, msdyncrmWorkflowTools, Version=1.0.58.0, Culture=neutral, PublicKeyToken=416e876b9bee261e" displayName="Set Process" solution="Dynamics365WorkflowTools (1.0.58.0)" id="{ca8a8ec4-067f-4158-be14-bff6bc461779}" />
        <Dependent key="90" type="29" displayName="Case - onChange of EOC PD Review - Change BPF to Default if applicable for EOC" id="{e221c954-27ad-4cd8-8bff-d190d2fd75f8}" />
      </MissingDependency>
      <MissingDependency>
        <Required key="70" type="2" schemaName="incidentid" displayName="Case" parentSchemaName="incident" parentDisplayName="Case" solution="msdynce_Service (9.0.5.56)" />
        <Dependent key="92" type="29" displayName="Case - onChange of EOC PD Review - Move to Proposed Decert BPF if Applicable in EOC" id="{e0e8dea0-eb0d-4fb3-ab8f-a9cc1004a04a}" />
      </MissingDependency>
      <MissingDependency>
        <Required key="87" type="2" schemaName="sbagcbd_bpf" displayName="BPF" parentSchemaName="incident" parentDisplayName="Case" solution="Active" />
        <Dependent key="92" type="29" displayName="Case - onChange of EOC PD Review - Move to Proposed Decert BPF if Applicable in EOC" id="{e0e8dea0-eb0d-4fb3-ab8f-a9cc1004a04a}" />
      </MissingDependency>
      <MissingDependency>
        <Required key="73" type="2" schemaName="title" displayName="Case Title" parentSchemaName="incident" parentDisplayName="Case" solution="msdynce_Service (9.0.5.56)" />
        <Dependent key="92" type="29" displayName="Case - onChange of EOC PD Review - Move to Proposed Decert BPF if Applicable in EOC" id="{e0e8dea0-eb0d-4fb3-ab8f-a9cc1004a04a}" />
      </MissingDependency>
      <MissingDependency>
        <Required key="93" type="29" displayName="Certify BPF Proposed Decert" solution="Active" id="{cf81c86c-8cea-436e-80e8-8dfd459dbc99}" />
        <Dependent key="92" type="29" displayName="Case - onChange of EOC PD Review - Move to Proposed Decert BPF if Applicable in EOC" id="{e0e8dea0-eb0d-4fb3-ab8f-a9cc1004a04a}" />
      </MissingDependency>
      <MissingDependency>
        <Required key="83" type="90" schemaName="msdyncrmWorkflowTools.Class.SetProcessStage, msdyncrmWorkflowTools, Version=1.0.58.0, Culture=neutral, PublicKeyToken=416e876b9bee261e" displayName="Set Process Stage" solution="Dynamics365WorkflowTools (1.0.58.0)" id="{cceed0a8-a2e5-485b-a063-a36179c08ab1}" />
        <Dependent key="92" type="29" displayName="Case - onChange of EOC PD Review - Move to Proposed Decert BPF if Applicable in EOC" id="{e0e8dea0-eb0d-4fb3-ab8f-a9cc1004a04a}" />
      </MissingDependency>
      <MissingDependency>
        <Required key="88" type="2" schemaName="activityid" displayName="Activity" parentSchemaName="sbagcbd_review" parentDisplayName="Review" solution="Active" />
        <Dependent key="94" type="29" displayName="Review - onCompletion, close Task" id="{d0cb5fee-c2e7-4016-b7cd-19f8b85a52a4}" />
      </MissingDependency>
      <MissingDependency>
        <Required key="24" type="2" schemaName="subject" displayName="Subject" parentSchemaName="sbagcbd_review" parentDisplayName="Review" solution="Active" />
        <Dependent key="94" type="29" displayName="Review - onCompletion, close Task" id="{d0cb5fee-c2e7-4016-b7cd-19f8b85a52a4}" />
      </MissingDependency>
      <MissingDependency>
        <Required key="95" type="2" schemaName="statuscode" displayName="Status Reason" parentSchemaName="sbagcbd_review" parentDisplayName="Review" solution="Active" />
        <Dependent key="94" type="29" displayName="Review - onCompletion, close Task" id="{d0cb5fee-c2e7-4016-b7cd-19f8b85a52a4}" />
      </MissingDependency>
      <MissingDependency>
        <Required key="96" type="2" schemaName="sbagcbd_task" displayName="Task" parentSchemaName="sbagcbd_review" parentDisplayName="Review" solution="Active" />
        <Dependent key="94" type="29" displayName="Review - onCompletion, close Task" id="{d0cb5fee-c2e7-4016-b7cd-19f8b85a52a4}" />
      </MissingDependency>
      <MissingDependency>
        <Required key="8" type="2" schemaName="statecode" displayName="Activity Status" parentSchemaName="sbagcbd_review" parentDisplayName="Review" solution="Active" />
        <Dependent key="94" type="29" displayName="Review - onCompletion, close Task" id="{d0cb5fee-c2e7-4016-b7cd-19f8b85a52a4}" />
      </MissingDependency>
      <MissingDependency>
        <Required key="97" type="10" schemaName="sbagcbd_review_Task_Task" displayName="sbagcbd_review_Task_Task" parentSchemaName="task" parentDisplayName="Task" solution="Active" />
        <Dependent key="94" type="29" displayName="Review - onCompletion, close Task" id="{d0cb5fee-c2e7-4016-b7cd-19f8b85a52a4}" />
      </MissingDependency>
      <MissingDependency>
        <Required key="73" type="2" schemaName="title" displayName="Case Title" parentSchemaName="incident" parentDisplayName="Case" solution="msdynce_Service (9.0.5.56)" />
        <Dependent key="98" type="29" displayName="Certify BPF Examination of a Concern" id="{bd2ac5f4-44b9-485b-b9cc-9dfdce5773ea}" />
      </MissingDependency>
      <MissingDependency>
        <Required key="70" type="2" schemaName="incidentid" displayName="Case" parentSchemaName="incident" parentDisplayName="Case" solution="msdynce_Service (9.0.5.56)" />
        <Dependent key="98" type="29" displayName="Certify BPF Examination of a Concern" id="{bd2ac5f4-44b9-485b-b9cc-9dfdce5773ea}" />
      </MissingDependency>
      <MissingDependency>
        <Required key="99" type="2" schemaName="sbagcbd_area" displayName="Area" parentSchemaName="task" parentDisplayName="Task" solution="Active" />
        <Dependent key="100" type="29" displayName="Review - onCreate, if EOC Create Task" id="{1cb5cf81-868e-4845-9648-08cbc127ff3a}" />
      </MissingDependency>
      <MissingDependency>
        <Required key="12" type="2" schemaName="regardingobjectid" displayName="Case" parentSchemaName="sbagcbd_review" parentDisplayName="Review" solution="Active" />
        <Dependent key="100" type="29" displayName="Review - onCreate, if EOC Create Task" id="{1cb5cf81-868e-4845-9648-08cbc127ff3a}" />
      </MissingDependency>
      <MissingDependency>
        <Required key="24" type="2" schemaName="subject" displayName="Subject" parentSchemaName="sbagcbd_review" parentDisplayName="Review" solution="Active" />
        <Dependent key="100" type="29" displayName="Review - onCreate, if EOC Create Task" id="{1cb5cf81-868e-4845-9648-08cbc127ff3a}" />
      </MissingDependency>
      <MissingDependency>
        <Required key="96" type="2" schemaName="sbagcbd_task" displayName="Task" parentSchemaName="sbagcbd_review" parentDisplayName="Review" solution="Active" />
        <Dependent key="100" type="29" displayName="Review - onCreate, if EOC Create Task" id="{1cb5cf81-868e-4845-9648-08cbc127ff3a}" />
      </MissingDependency>
      <MissingDependency>
        <Required key="88" type="2" schemaName="activityid" displayName="Activity" parentSchemaName="sbagcbd_review" parentDisplayName="Review" solution="Active" />
        <Dependent key="100" type="29" displayName="Review - onCreate, if EOC Create Task" id="{1cb5cf81-868e-4845-9648-08cbc127ff3a}" />
      </MissingDependency>
      <MissingDependency>
        <Required key="22" type="2" schemaName="sbagcbd_area" displayName="Area" parentSchemaName="sbagcbd_review" parentDisplayName="Review" solution="Active" />
        <Dependent key="100" type="29" displayName="Review - onCreate, if EOC Create Task" id="{1cb5cf81-868e-4845-9648-08cbc127ff3a}" />
      </MissingDependency>
      <MissingDependency>
        <Required key="101" type="2" schemaName="sbagcbd_review" displayName="Review" parentSchemaName="task" parentDisplayName="Task" solution="Active" />
        <Dependent key="100" type="29" displayName="Review - onCreate, if EOC Create Task" id="{1cb5cf81-868e-4845-9648-08cbc127ff3a}" />
      </MissingDependency>
      <MissingDependency>
        <Required key="102" type="2" schemaName="sbagcbd_reviewstatus" displayName="Review Status" parentSchemaName="task" parentDisplayName="Task" solution="Active" />
        <Dependent key="100" type="29" displayName="Review - onCreate, if EOC Create Task" id="{1cb5cf81-868e-4845-9648-08cbc127ff3a}" />
      </MissingDependency>
      <MissingDependency>
        <Required key="73" type="2" schemaName="title" displayName="Case Title" parentSchemaName="incident" parentDisplayName="Case" solution="msdynce_Service (9.0.5.56)" />
        <Dependent key="103" type="10" schemaName="bpf_incident_sbagcbd_certifybpfexaminationofaconcern" displayName="bpf_incident_sbagcbd_certifybpfexaminationofaconcern" parentSchemaName="incident" parentDisplayName="Case" />
      </MissingDependency>
      <MissingDependency>
        <Required key="70" type="2" schemaName="incidentid" displayName="Case" parentSchemaName="incident" parentDisplayName="Case" solution="msdynce_Service (9.0.5.56)" />
        <Dependent key="103" type="10" schemaName="bpf_incident_sbagcbd_certifybpfexaminationofaconcern" displayName="bpf_incident_sbagcbd_certifybpfexaminationofaconcern" parentSchemaName="incident" parentDisplayName="Case" />
      </MissingDependency>
      <MissingDependency>
        <Required key="70" type="2" schemaName="incidentid" displayName="Case" parentSchemaName="incident" parentDisplayName="Case" solution="msdynce_Service (9.0.5.56)" />
        <Dependent key="104" type="26" schemaName="Active Certify BPF Examination of a Concern on my Cases" displayName="Active Certify BPF Examination of a Concern on my Cases" parentSchemaName="sbagcbd_certifybpfexaminationofaconcern" parentDisplayName="Certify BPF Examination of a Concern" id="{aefa5717-1528-4fd3-b94f-7fa513fafcdf}" />
      </MissingDependency>
      <MissingDependency>
        <Required key="105" type="2" schemaName="ownerid" displayName="Owner" parentSchemaName="incident" parentDisplayName="Case" solution="msdynce_Service (9.0.5.56)" />
        <Dependent key="104" type="26" schemaName="Active Certify BPF Examination of a Concern on my Cases" displayName="Active Certify BPF Examination of a Concern on my Cases" parentSchemaName="sbagcbd_certifybpfexaminationofaconcern" parentDisplayName="Certify BPF Examination of a Concern" id="{aefa5717-1528-4fd3-b94f-7fa513fafcdf}" />
      </MissingDependency>
      <MissingDependency>
        <Required key="70" type="2" schemaName="incidentid" displayName="Case" parentSchemaName="incident" parentDisplayName="Case" solution="msdynce_Service (9.0.5.56)" />
        <Dependent key="106" type="26" schemaName="Inactive Certify BPF Examination of a Concern on my Cases" displayName="Inactive Certify BPF Examination of a Concern on my Cases" parentSchemaName="sbagcbd_certifybpfexaminationofaconcern" parentDisplayName="Certify BPF Examination of a Concern" id="{0d41fe12-fd7f-45dd-8e63-f7f04dc3471f}" />
      </MissingDependency>
      <MissingDependency>
        <Required key="105" type="2" schemaName="ownerid" displayName="Owner" parentSchemaName="incident" parentDisplayName="Case" solution="msdynce_Service (9.0.5.56)" />
        <Dependent key="106" type="26" schemaName="Inactive Certify BPF Examination of a Concern on my Cases" displayName="Inactive Certify BPF Examination of a Concern on my Cases" parentSchemaName="sbagcbd_certifybpfexaminationofaconcern" parentDisplayName="Certify BPF Examination of a Concern" id="{0d41fe12-fd7f-45dd-8e63-f7f04dc3471f}" />
      </MissingDependency>
      <MissingDependency>
        <Required key="107" type="9" schemaName="sbagcbd_reviewstatus" displayName="Review Status" solution="Active" />
        <Dependent key="108" type="2" schemaName="sbagcbd_reviewstatus" displayName="Analyst Review" parentSchemaName="sbagcbd_review" parentDisplayName="Review" />
      </MissingDependency>
    </MissingDependencies>
  </SolutionManifest>
</ImportExportXml>